fish_id,site_id,year,month,day,location,fish_num,species,length,height,Lep_cope,chalA,chalB,Lep_PAmale,Lep_PAfemale,Lep_male,Lep_nongravid,Lep_gravid,Caligus_cope,Caligus_mot,Caligus_gravid,unid_cope,chal_unid,unid_PA,unid_adult,chal_scar,pred_scar,mot_scar,hem,mateguarding,eroded_gill,blue_blotches,pinched_belly,scales,white_eye,Grazed_gill_plate,Lironca,comments
1726,89,2020,4,10,Bedwell River,1,coho,82,16,,,,,,,,,,,,,,,,,,,1,,,,,1,,,,eye
1727,89,2020,4,10,Bedwell River,2,coho,87,16,,,,,,,,,,,,,,,,,,,,,,,,1,,,,scarred operculum
1728,89,2020,4,10,Bedwell River,3,coho,102,18,,,,,,,,,,,,,,,,,,,,,,,,1,,,,
1729,89,2020,4,10,Bedwell River,4,coho,110,21,,,,,,,,,,,,,,,,,,,,,,,,1,,,,
1730,89,2020,4,10,Bedwell River,5,chum,93,16,,,,,,,,,1,,,,,,,,,,,,,,,1,,,,
1731,89,2020,4,10,Bedwell River,6,coho,92,17,,,,,,,,,,,,,,,,,,,,,,,,1,,,,
1732,89,2020,4,10,Bedwell River,7,coho,111,21,,,,,,,,,,,,,,,,,,,,,,,,1,,,,
1733,89,2020,4,10,Bedwell River,8,coho,106,22,,,,,,,,,,,,,,,,,,,,,,,,1,,,,
1734,89,2020,4,10,Bedwell River,9,coho,109,22,,,,,,,,,,,,,,,,,,,,,,,,1,,,,
1735,89,2020,4,10,Bedwell River,10,coho,71,14,,,,,,,,,,,,,,,,,,,,,,,,1,,,,
1736,89,2020,4,10,Bedwell River,11,coho,89,16,,,,,,,,,,,,,,,,,,,,,,,,1,,,,
1737,89,2020,4,10,Bedwell River,12,coho,101,18,,,,,,,,,,,,,,,,,,,,,,,,1,,,,
1738,89,2020,4,10,Bedwell River,13,coho,98,19,1,,,,,,,,,,,,,,,,,,,,,,,1,,,,
1739,89,2020,4,10,Bedwell River,14,coho,75,18,,,,,,,,,,,,,,,,,,,,,,,,1,,,,
1740,89,2020,4,10,Bedwell River,15,coho,95,18,,,,,,,,,,,,,,,,,,,,,,,,1,,,,
1741,89,2020,4,10,Bedwell River,16,coho,91,19,,,,,,,,,,,,,,,,,,,,,,,,1,,,,
1742,89,2020,4,10,Bedwell River,17,coho,95,18,,,,,,,,,,,,,,,,,,,,,,,,1,,,,
1743,89,2020,4,10,Bedwell River,18,coho,83,17,,,,,,,,,,,,,,,,,,,1,,,,,1,,,,tail
1744,89,2020,4,10,Bedwell River,19,coho,80,15,,,,,,,,,,,,,,,,,,,,,,,,1,,,,
1745,89,2020,4,10,Bedwell River,20,coho,108,21,,,,,,,,,,,,,,,,,,,,,,,,1,,,,
1746,89,2020,4,10,Bedwell River,21,coho,102,18,,,,,,,,,,,,,,,,,,,,,,,,1,,,,
1747,89,2020,4,10,Bedwell River,22,coho,87,16,,,,,,,,,,,,,,,,,,,,,,,,1,,,,
1748,89,2020,4,10,Bedwell River,23,coho,92,16,,,,,,,,,,,,,,,,,,,,,,,,1,,,,
1749,89,2020,4,10,Bedwell River,24,coho,91,17,,,,,,,,,,,,,,,,,,,,,,,,1,,,,
1750,89,2020,4,10,Bedwell River,25,coho,78,15,,,,,,,,,,,,,,,,,,,,,,,,1,,,,
1751,89,2020,4,10,Bedwell River,26,coho,76,14,,,,,,,,,,,,,,,,,,,,,,,,1,,,,
1752,89,2020,4,10,Bedwell River,27,coho,85,17,,,,,,,,,,,,,,,,,,,,,,,,1,,,,
1753,89,2020,4,10,Bedwell River,28,coho,72,14,,,,,,,,,,,,,,,,,,,,,,,,1,,,,split caudal fin
1754,89,2020,4,10,Bedwell River,29,coho,94,18,,,,,,,,,,,,,,,,,,,,,,,,1,,,,
1755,89,2020,4,10,Bedwell River,30,coho,84,16,,,,,,,,,,,,,,,,,,,,,,,,1,,,,
1756,89,2020,4,10,Bedwell River,31,coho,86,15,,,,,,,,,,,,,,,,,,,,,,,,1,,,,
1757,89,2020,4,10,Bedwell River,32,coho,98,22,,,,,,,,,,,,,,,,,,,,,,,,1,,,,
1758,89,2020,4,10,Bedwell River,33,chum,44,5,,,,,,,,,,,,,,,,,,,,,,,,,,,,
1759,89,2020,4,10,Bedwell River,34,chum,42,5,,,,,,,,,,,,,,,,,,,,,,,,,,,,
1760,89,2020,4,10,Bedwell River,35,chum,39,6,,,,,,,,,,,,,,,,,,,,,,,,,,,,
1761,89,2020,4,10,Bedwell River,36,chum,44,6,,,,,,,,,,,,,,,,,,,,,,,,,,,,
1762,89,2020,4,10,Bedwell River,37,chinook,44,8,,,,,,,,,,,,,,,,,,,,,,,,,,,,
1763,89,2020,4,10,Bedwell River,38,chum,41,5,,,,,,,,,,,,,,,,,,,,,,,,,,,,
1764,89,2020,4,10,Bedwell River,39,chinook,44,7,,,,,,,,,,,,,,,,,,,,,,,,,,,,
1765,89,2020,4,10,Bedwell River,40,chum,42,6,,,,,,,,,,,,,,,,,,,,,,,,,,,,
1766,89,2020,4,10,Bedwell River,41,chum,39,6,,,,,,,,,,,,,,,,,,,,,,,,,,,,
1767,89,2020,4,10,Bedwell River,42,chum,39,5,,,,,,,,,,,,,,,,,,,,,,,,,,,,
1768,89,2020,4,10,Bedwell River,43,chum,46,6,,,,,,,,,,,,,,,,,,,,,,,,,,,,
1769,89,2020,4,10,Bedwell River,44,chum,42,6,,,,,,,,,,,,,,,,,,,1,,,,,,,,,caudal peduncle
1770,89,2020,4,10,Bedwell River,45,chum,41,7,,,,,,,,,,,,,,,,,,,,,,,,,,,,
1771,89,2020,4,10,Bedwell River,46,chum,41,5,,,,,,,,,,,,,,,,,,,,,,,,,,,,
1772,89,2020,4,10,Bedwell River,47,chum,41,6,,,,,,,,,,,,,,,,,,,,,,,,,,,,
1773,89,2020,4,10,Bedwell River,48,chum,43,5,,,,,,,,,,,,,,,,,,,,,,,,,,,,
1774,89,2020,4,10,Bedwell River,49,chum,41,5,,,,,,,,,,,,,,,,,,,,,,,,,,,,
1775,89,2020,4,10,Bedwell River,50,chum,40,6,,,,,,,,,,,,,,,,,,,,,,,,,,,,
1776,89,2020,4,10,Bedwell River,51,chum,41,6,,,,,,,,,,,,,,,,,,,,,,,,,,,,
1777,89,2020,4,10,Bedwell River,52,chum,43,7,,,,,,,,,,,,,,,,,,,,,,,,,,,,
1778,89,2020,4,10,Bedwell River,53,chum,42,6,,,,,,,,,,,,,,,,,,,,,,,,,,,,
1779,89,2020,4,10,Bedwell River,54,chum,44,7,,,,,,,,,,,,,,,,,,,,,,,,,,,,
1780,89,2020,4,10,Bedwell River,55,chum,41,5,,,,,,,,,,,,,,,,,,,,,,,,,,,,
1781,89,2020,4,10,Bedwell River,56,chum,41,5,,,,,,,,,,,,,,,,,,,,,,,,,,,,
1782,89,2020,4,10,Bedwell River,57,chum,42,6,,,,,,,,,,,,,,,,,,,,,,,,,,,,
1783,89,2020,4,10,Bedwell River,58,chum,43,6,,,,,,,,,,,,,,,,,,,,,,,,,,,,
1784,89,2020,4,10,Bedwell River,59,chum,41,5,,,,,,,,,,,,,,,,,,,,,,,,,,,,
1785,89,2020,4,10,Bedwell River,60,chum,40,6,1,,,,,,,,,,,,,,,,,,,,,,,,,,,cope scar
1786,89,2020,4,10,Bedwell River,61,chum,43,7,,,,,,,,,,,,,,,,,,,,,,,,,,,,
1787,89,2020,4,10,Bedwell River,62,chum,41,5,,,,,,,,,,,,,,,,,,,,,,,,,,,,
1788,89,2020,4,10,Bedwell River,63,chum,41,5,,,,,,,,,,,,,,,,,,,,,,,,,,,,
1789,90,2020,4,18,North Meares,1,chum,45,7,1,,,,,,,,,,,,,,,,,,,,,1,,,,,,
1790,90,2020,4,18,North Meares,2,chum,53,10,,1,,,,,,,,,,,,,,,,,,,,,,,,,,
1791,90,2020,4,18,North Meares,3,chum,45,7,2,,,,,,,,,,,,,,,,,,,,,,,,,,,
1792,90,2020,4,18,North Meares,4,chum,46,7,,,,,,,,,,,,,,,,,,,,,,,,,,,,
1793,90,2020,4,18,North Meares,5,chum,42,7,,,,,,,,,,,,,,,,,,,,,,,,,,,,
1794,90,2020,4,18,North Meares,6,chum,45,5,,,,,,,,,,,,,,,,,,,,,,,,,,,,
1795,90,2020,4,18,North Meares,7,chum,41,6,,,,,,,,,,,,,,,,,,,,,,1,,,,,,
1796,90,2020,4,18,North Meares,8,chum,44,6,,,,,,,,,,,,,,,,,,,,,,,,,,,,
1797,90,2020,4,18,North Meares,9,chum,44,7,,,,,,,,,,,,,,,,,,,,,,,,,,,,
1798,90,2020,4,18,North Meares,10,chum,42,5,,,,,,,,,,,,,,,,,,,,,,,,,,,,
1799,90,2020,4,18,North Meares,11,chum,43,5,1,1,,,,,,,,,,,,,,,,,,,,,,,,,,
1800,90,2020,4,18,North Meares,12,chum,45,8,,,,,,,,,,,,,,,,,,,,,,,,,,,,
1801,90,2020,4,18,North Meares,13,chum,42,6,,,,,,,,,,,,,,,,,,,,,,,,,,,,
1802,90,2020,4,18,North Meares,14,chum,43,7,,,,,,,,,,,,,,,,,,,,,,,,,,,,
1803,90,2020,4,18,North Meares,15,chum,47,8,2,1,,,,,,,,,,,,,,,,,,,,,,,,,,
1804,90,2020,4,18,North Meares,16,chum,43,7,,,,,,,,,,,,,,,,,,,,,,,,,,,,
1805,90,2020,4,18,North Meares,17,chum,41,6,,,,,,,,,,,,,,,,,,,,,,,,,,,,
1806,90,2020,4,18,North Meares,18,chum,42,6,,,,,,,,,,,,,,,,,,,,,,,,,,,,
1807,90,2020,4,18,North Meares,19,chum,49,8,1,1,,,,,,,,,,,,,,,,,,,,,,,,,,
1808,90,2020,4,18,North Meares,20,chum,46,7,2,1,,,,,,,,,,,,,,,,,,,,,,,,,,
1809,90,2020,4,18,North Meares,21,chum,49,8,1,,,,,,,,,,,,,,,,,,,,,,,,,,,
1810,90,2020,4,18,North Meares,22,chum,55,9,2,,,,,,,,,,,,,,,,,,,,,,,,,,,
1811,90,2020,4,18,North Meares,23,chum,54,10,,3,2,,,,,,,,,,,,,2,,,,,,1,,,,,,
1812,90,2020,4,18,North Meares,24,chum,59,11,1,1,2,,,,,,,,,,,,,,,,1,,,,,,1,1,,flank
1813,90,2020,4,18,North Meares,25,chum,41,7,,1,,,,,,,,,,,,,,,,,,,,,,,,1,,
1814,90,2020,4,18,North Meares,26,chum,41,7,,,,,,,,,,,,,,,,,,,,,,1,,,1,,,
1815,90,2020,4,18,North Meares,27,chum,41,5,3,,,,,,,,,,,,,,,,,,,,,,,,,,,
1816,90,2020,4,18,North Meares,28,chum,38,4,,,,,,,,,,,,,,,,,,,,,,,,,,,,
1817,90,2020,4,18,North Meares,29,chum,58,9,,1,1,,,,,,,,,,,,,2,,,,,,,,,1,,,
1818,90,2020,4,18,North Meares,30,chum,42,6,,,,,,,,,,,,,,,,,,,,,,,,,,,,
1819,90,2020,4,18,North Meares,31,chum,42,6,,,,,,,,,,,,,,,,,,,,,,,,,,,,
1820,90,2020,4,18,North Meares,32,chum,42,7,1,,,,,,,,,,,,,,,,,,,,,,,,,,,
1821,90,2020,4,18,North Meares,33,chum,41,6,,,,,,,,,,,,,,,,,,,,,,,,,,,,
1822,90,2020,4,18,North Meares,34,chum,41,6,1,,,,,,,,,,,,,,,,,,,,,,,,,,,
1823,90,2020,4,18,North Meares,35,chum,53,9,,1,,,,,,,,,,,,,,,,,,,,,,,,,,
1824,90,2020,4,18,North Meares,36,chum,42,6,2,,,,,,,,,,,,,,,,,,,,,,,,,,,
1825,90,2020,4,18,North Meares,37,chum,43,6,,,,,,,,,,,,,,,,,,,,,,,,,,,,
1826,90,2020,4,18,North Meares,38,chum,42,5,,,,,,,,,,,,,,,,,,,,,,,,,,,,
1827,90,2020,4,18,North Meares,39,chum,42,6,1,,,,,,,,,,,,,,,,,,,,,,,,,,,
1828,90,2020,4,18,North Meares,40,chum,43,7,,,,,,,,,,,,,,,,,,,,,,,,,,,,
1829,90,2020,4,18,North Meares,41,chum,41,6,1,,,,,,,,,,,,,,,,,,,,,,,,,,,
1830,90,2020,4,18,North Meares,42,chum,42,6,1,,,,,,,,,,,,,,,,,,,,,,,,,,,
1831,90,2020,4,18,North Meares,43,chum,49,7,,,2,,,,,,,,,,,,,2,,,1,,,,,,,,,chal scar
1832,90,2020,4,18,North Meares,44,chum,49,8,,2,,,,,,,,,,,,,,1,,,,,,,,,,,,
1833,90,2020,4,18,North Meares,45,chum,42,5,,,,,,,,,,,,,,,,,,,,,,,,,,,,
1834,90,2020,4,18,North Meares,46,chum,45,6,1,,,,,,,,,,,,,,,,,,,,,,,,,,,
1835,90,2020,4,18,North Meares,47,chum,46,8,,2,,,,,,,,,,,,,,1,,,,,,,,,,,,
1836,90,2020,4,18,North Meares,48,chum,44,6,,1,,,,,,,,,,,,,,,,,,,,,,,,,,
1837,90,2020,4,18,North Meares,49,chum,46,7,2,1,,,,,,,1,,,,,,,,,,,,,,,,,,,
1838,90,2020,4,18,North Meares,50,chum,57,8,2,1,2,,,,,,,,,,,,,,,,1,,,,,,,,,jaw
1839,91,2020,4,18,Cypre River,1,chinook,41,6,,,,,,,,,,,,,,,,,,,,,,,,,,,,
1840,91,2020,4,18,Cypre River,2,chinook,39,6,,,,,,,,,,,,,,,,,,,,,,,,,,,,
1841,91,2020,4,18,Cypre River,3,chum,41,5,,,,,,,,,,,,,,,,,,,,,,,,,,,,
1842,91,2020,4,18,Cypre River,4,chinook,49,9,,,,,,,,,,,,,,,,,,,,,,,,,,,,
1843,91,2020,4,18,Cypre River,5,chum,47,5,,,,,,,,,,,,,,,,,,,,,,,,,,,,
1844,91,2020,4,18,Cypre River,6,chinook,39,5,,,,,,,,,,,,,,,,,,,,,,,,,,,,
1845,91,2020,4,18,Cypre River,7,chum,43,6,,,,,,,,,,,,,,,,,,,,,,,,,,,,
1846,91,2020,4,18,Cypre River,8,chinook,38,6,,,,,,,,,,,,,,,,,,,,,,,,,,,,
1847,91,2020,4,18,Cypre River,9,chinook,41,6,,,,,,,,,,,,,,,,,,,,,,,,,,,,
1848,91,2020,4,18,Cypre River,10,chinook,42,6,,,,,,,,,,,,,,,,,,,,,,,,,,,,
1849,91,2020,4,18,Cypre River,11,chum,42,6,,,,,,,,,,,,,,,,,,,,,,,,,,,,
1850,92,2020,4,18,Cypre River,1,chum,51,9,,1,,,,,,,,,,,,,,,,,,,,,,,,,,
1851,92,2020,4,18,Cypre River,2,chum,44,7,,,,,,,,,,,,,,,,,,,,,,,,,,,,
1852,92,2020,4,18,Cypre River,3,chum,47,7,,,,,,,,,,,,,,,,,,,,,,,,,,,,
1853,92,2020,4,18,Cypre River,4,chum,45,6,,,,,,,,,,,,,,,,,,,,,,,,,,,,
1854,92,2020,4,18,Cypre River,5,chum,47,7,,,,,,,,,,,,,,,,,,,,,,,,,,,,
1855,92,2020,4,18,Cypre River,6,chum,56,9,,1,2,,,,,,,,,,,,,2,,,,,,,,,,,,
1856,92,2020,4,18,Cypre River,7,chum,49,7,,,,,,,,,,,,,,,,,,,,,,,,,,,,
1857,92,2020,4,18,Cypre River,8,chum,50,9,,,,,,,,,,,,,,,,,,,,,,,,,,,,
1858,92,2020,4,18,Cypre River,9,chum,47,7,,2,,,,,,,,,,,,,,1,1,,,,,,,,,,,fish
1859,92,2020,4,18,Cypre River,10,chum,47,6,,,,,,,,,,,,,,,,,,,,,,,,,,,,
1860,92,2020,4,18,Cypre River,11,chum,49,8,,,,,,,,,,,,,,,,,,,,,,,,,,,,
1861,92,2020,4,18,Cypre River,12,chum,47,8,,,,,,,,,,,,,,,,,,,,,,,,,,,,
1862,92,2020,4,18,Cypre River,13,chum,63,8,,,,,,,,,,,,,,,,,,,,,,,,,,,,
1863,92,2020,4,18,Cypre River,14,chum,48,8,,,,,,,,,,,,,,,,,,,,,,,,,,,,
1864,92,2020,4,18,Cypre River,15,chum,43,7,,,,,,,,,,,,,,,,,,,,,,,,,,,,
1865,92,2020,4,18,Cypre River,16,chum,47,6,,,,,,,,,,,,,,,,,,,,,,,,,,,,
1866,92,2020,4,18,Cypre River,17,chum,50,8,,,,,,,,,,,,,,,,,1,,,,,,,,,,,fish
1867,92,2020,4,18,Cypre River,18,chum,44,7,,,,,,,,,,,,,,,,,,,,,,,,,,,,
1868,92,2020,4,18,Cypre River,19,chum,49,8,,,,,,,,,,,,,,,,,,,,,,,,,,,,
1869,92,2020,4,18,Cypre River,20,chum,45,6,,,,,,,,,,,,,,,,,,,,,,,,,,,,
1870,92,2020,4,18,Cypre River,21,chum,46,7,,,,,,,,,,,,,,,,,,,,,,,,,,,,
1871,92,2020,4,18,Cypre River,22,chum,50,7,,,,,,,,,,,,,,,,,,,,,,,,,,,,
1872,92,2020,4,18,Cypre River,23,chum,50,7,,,,,,,,,,,,,,,,,,,,,,,,,1,,,
1873,92,2020,4,18,Cypre River,24,chum,50,7,,,,,,,,,,,,,,,,,,,,,,,,,,,,
1874,92,2020,4,18,Cypre River,25,chum,46,7,,,,,,,,,,,,,,,,,,,,,,,,,,,,
1875,92,2020,4,18,Cypre River,26,chum,45,6,,,,,,,,,,,,,,,,,,,,,,,,,,,,
1876,92,2020,4,18,Cypre River,27,chum,45,7,,,,,,,,,,,,,,,,,,,,,,,,,,,,
1877,92,2020,4,18,Cypre River,28,chum,48,8,,,,,,,,,,,,,,,,,,,,,,,,,,,,
1878,92,2020,4,18,Cypre River,29,chum,51,7,,,,,,,,,,,,,,,,,,,,,,1,,,,,,
1879,92,2020,4,18,Cypre River,30,chinook,53,9,,,,,,,,,,,,,,,,,,,,,,,,,,,,ripped gill
1880,92,2020,4,18,Cypre River,31,chum,47,7,,,,,,,,,,,,,,,,,,,,,,,,,,,,
1881,92,2020,4,18,Cypre River,32,chum,43,6,,,,,,,,,,,,,,,,,,,,,,,,,,,,
1882,92,2020,4,18,Cypre River,33,chum,51,8,,,,,,,,,,,,,,,,,,,,,,,,,,,,
1883,92,2020,4,18,Cypre River,34,chum,51,8,,2,,,,,,,,,,,,,,1,3,,,,,,,,,,,bird x 3
1884,92,2020,4,18,Cypre River,35,chum,44,7,,,,,,,,,,,,,,,,,,,,,,,,,,,,
1885,92,2020,4,18,Cypre River,36,chum,46,7,1,,,,,,,,,,,,,,,,1,,,,,,,,,,,fish
1886,92,2020,4,18,Cypre River,37,chum,50,8,,,,,,,,,,,,,,,,,,,,,,,,,,,,
1887,92,2020,4,18,Cypre River,38,chum,53,9,,,,,,,,,,,,,,,,,,,,,,1,,,,,,
1888,92,2020,4,18,Cypre River,39,chum,48,7,,,,,,,,,1,,,,,,,,,,,,,,,,,,,
1889,92,2020,4,18,Cypre River,40,chum,48,7,,,,,,,,,,,,,,,,,,,,,,,,,,,,
1890,92,2020,4,18,Cypre River,41,chum,44,5,,1,,,,,,,,,,,,,,1,,,,,,,,,,,,
1891,92,2020,4,18,Cypre River,42,chum,53,9,,,,,,,,,,,,,,,,,,,,,,,,,,,,
1892,92,2020,4,18,Cypre River,43,chum,44,7,,,,,,,,,,,,,,,,,,,,,,1,,,,,,
1893,92,2020,4,18,Cypre River,44,chum,48,7,,,,,,,,,,,,,,,,,,,,,,,,,,,,
1894,92,2020,4,18,Cypre River,45,chum,46,6,,,,,,,,,,,,,,,,,,,,,,,,,,,,
1895,92,2020,4,18,Cypre River,46,chum,42,5,,,,,,,,,,,,,,,,,,,,,,,,,,,,
1896,92,2020,4,18,Cypre River,47,chum,43,5,,,,,,,,,,,,,,,,,,,,,,,,,,,,
1897,92,2020,4,18,Cypre River,48,chinook,44,8,,,,,,,,,,,,,,,,,,,,,,,,,,,,eroded tail
1898,93,2020,4,18,Ritchie Bay,1,chum,52,8,,,,,,,,,,1,,,,,,,,,,,,,,,,,,
1899,93,2020,4,18,Ritchie Bay,2,chum,55,8,,,2,,,,,,,1,,,,,,1,,,,,,,,,,,,
1900,93,2020,4,18,Ritchie Bay,3,chum,54,10,,,1,,,,,,,,,,,,,,,,,,,,,,,,,
1901,93,2020,4,18,Ritchie Bay,4,chum,54,10,,,,,,,,,,,,,,,,,,,,,,,,,,,,
1902,93,2020,4,18,Ritchie Bay,5,chum,53,8,,,1,,,,,,,,,,,,,,,,,,,,,,,,,
1903,93,2020,4,18,Ritchie Bay,6,chum,55,9,,1,3,,,,,,,,,,,,,1,,,,,,,,,,,,
1904,93,2020,4,18,Ritchie Bay,7,chum,54,9,,,,,,,,,,,,,,,,,,,,,,,,,,,,
1905,93,2020,4,18,Ritchie Bay,8,chum,53,9,1,1,,,,,,,,,,,,,,1,,,,,,,,,,1,,
1906,93,2020,4,18,Ritchie Bay,9,chum,59,10,,,,,,,,,,,,,,,,,,,,,,,,,,,,
1907,93,2020,4,18,Ritchie Bay,10,chum,59,10,,2,,,,,,,,,,,,,,,,,1,,,,,,,,,flank
1908,93,2020,4,18,Ritchie Bay,11,chum,51,9,,,,,,,,,,,,,,,,,,,,,,,,,,,,
1909,93,2020,4,18,Ritchie Bay,12,chum,47,7,,3,,,,,,,1,,,,,,,1,,,1,,,,,,,,,cs
1910,93,2020,4,18,Ritchie Bay,13,chum,53,8,1,1,2,,,,,,1,,,,,,,,,,,,,,,,,,,
1911,93,2020,4,18,Ritchie Bay,14,chum,53,8,,,1,,,,,,,,,,,,,,,,,,,,,,,,,
1912,93,2020,4,18,Ritchie Bay,15,chum,51,9,,1,,,,,,,,,,,,,,,,,,,,,,,,,,
1913,93,2020,4,18,Ritchie Bay,16,chum,53,9,,3,2,,,,,,,,,,,,,2,,,2,,,,,,,,,"chal scar, anal fin"
1914,93,2020,4,18,Ritchie Bay,17,chum,50,8,,2,1,,,,,,,,,,,,,,,,,,,,,,,,,
1915,93,2020,4,18,Ritchie Bay,18,chum,52,10,,1,,,,,,,,,,,,,,,,,,,,,,,,,,
1916,93,2020,4,18,Ritchie Bay,19,chum,48,8,,1,,,,,,,,,,,,,,,,,,,,,,,,,,
1917,93,2020,4,18,Ritchie Bay,20,chum,54,10,2,1,,,,,,,,,,,,,,1,,,,,,,,,,,,
1918,93,2020,4,18,Ritchie Bay,21,chum,58,10,,,,,,,,,,1,,,,,,,,,,,,,,,,,,
1919,93,2020,4,18,Ritchie Bay,22,chum,54,10,,1,,,,,,,,,,,,,,,,,,,,,,,,,,
1920,93,2020,4,18,Ritchie Bay,23,chum,58,9,,3,,,,,,,,,,,,,,3,,,,,,,,,,,,
1921,93,2020,4,18,Ritchie Bay,24,chum,55,9,,2,,,,,,,,,,,,,,,,,,,,,,,,,,
1922,93,2020,4,18,Ritchie Bay,25,chum,54,8,1,2,,,,,,,,,,,,,,,,,,,,,,,,,,
1923,93,2020,4,18,Ritchie Bay,26,chum,54,9,,3,,,,,,,,,,,,,,,,,,,,,,,,,,
1924,93,2020,4,18,Ritchie Bay,27,chum,54,8,,,4,,,,,,,,,,,,,3,,,,,,,,,,,,
1925,93,2020,4,18,Ritchie Bay,28,chum,49,7,,,,,,,,,,,,,,,,,,,,,,,,,,,,
1926,93,2020,4,18,Ritchie Bay,29,chum,55,10,,,,,,,,,1,,,,,,,,,,,,,,,,,,,
1927,93,2020,4,18,Ritchie Bay,30,chum,53,8,,,1,,,,,,2,,,,,,,,,,,,,,,,,,,
1928,93,2020,4,18,Ritchie Bay,31,chum,50,7,,1,1,,,,,,,,,,,,,1,,,1,,,1,,,,,,chal scar
1929,93,2020,4,18,Ritchie Bay,32,chum,51,9,,1,1,,,,,,1,,,,,,,,,,,,,,,,,,,
1930,93,2020,4,18,Ritchie Bay,33,chum,59,11,,,,,,,,,,,,,,,,,,,,,,,,,,,,
1931,93,2020,4,18,Ritchie Bay,34,chum,53,9,,1,,,,,,,,,,,,,,,,,,,,,,,,,,
1932,93,2020,4,18,Ritchie Bay,35,chum,57,9,1,,1,,,,,,,,,,,,,,,,,,,,,,,,,
1933,93,2020,4,18,Ritchie Bay,36,chum,54,9,,1,,,,,,,2,,,,,,,1,,,,,,,,,,,,
1934,93,2020,4,18,Ritchie Bay,37,chum,53,8,1,,,,,,,,,,,,,,,,,,,,,,,,,,,
1935,93,2020,4,18,Ritchie Bay,38,chum,54,9,,3,,,,,,,1,,,,,,,,,,,,,,,,,,,
1936,93,2020,4,18,Ritchie Bay,39,chum,57,10,,,,,,,,,,,,,,,,,,,,,,,,,,,,
1937,93,2020,4,18,Ritchie Bay,40,chum,56,8,,,3,,1,,,,,,,,,,,2,,,,,,1,,,,1,,
1938,93,2020,4,18,Ritchie Bay,41,chum,59,9,,,1,,,,,,,,,,,,,1,,,,,,,,,,,,
1939,93,2020,4,18,Ritchie Bay,42,chum,56,10,,,1,,,,,,,,,,,,,1,,,1,,,,,,,,,chal scar
1940,93,2020,4,18,Ritchie Bay,43,chum,54,8,1,,,,,,,,,,,,,,,,,,,,,,,,,,,
1941,93,2020,4,18,Ritchie Bay,44,chum,49,8,,,,,,,,,,,,,,,,,,,,,,,,,,,,
1942,93,2020,4,18,Ritchie Bay,45,chum,51,8,,1,,,,,,,,,,,,,,1,,,,,,,,,,,,
1943,93,2020,4,18,Ritchie Bay,46,chum,47,7,1,1,,,,,,,,,,,,,,,,,,,,,,,,,,
1944,93,2020,4,18,Ritchie Bay,47,chum,53,9,1,,,,,,,,1,,,,,,,1,,,1,,,,,,,,,chal scar
1945,93,2020,4,18,Ritchie Bay,48,chum,42,6,1,,,,,,,,,,,,,,,,,,,,,,,,,,,
1946,93,2020,4,18,Ritchie Bay,49,chum,53,9,1,,,,,,,,,,,,,,,,,,,,,,,,,,,
1947,93,2020,4,18,Ritchie Bay,50,chum,45,8,1,,,,,,,,,,,,,,,,,,,,,,,,,,,
1948,94,2020,4,24,North Meares,1,chum,47,7,,,,,,,,,,,,,,,,,,,,,,,,,,,,
1949,94,2020,4,24,North Meares,2,chum,47,7,,1,,,,,,,,,,,,,,1,,,1,,,1,,,,,,chal scar
1950,94,2020,4,24,North Meares,3,chum,49,7,,1,,,,,,,,,,,,,,,,,,,1,1,,,,,,
1951,94,2020,4,24,North Meares,4,chum,55,9,,1,,,,,,,1,,,,,,,,,,,,,,,,1,,,
1952,94,2020,4,24,North Meares,5,chum,44,6,,,,,,,,,,,,,,,,,,,,,,,,,,,,
1953,94,2020,4,24,North Meares,6,chum,43,6,,1,,,,,,,,,,,,,,,,,,,,,,,,,,
1954,94,2020,4,24,North Meares,7,chum,49,7,1,,,,,,,,,,,,,,,,,,,,,1,,,,,,
1955,94,2020,4,24,North Meares,8,chum,36,4,,,,,,,,,,,,,,,,,,,,,,,,,,,,
1956,94,2020,4,24,North Meares,9,chum,39,5,,,,,,,,,,,,,,,,,,,,,,,,,,,,
1957,94,2020,4,24,North Meares,10,chum,47,8,,,,,,,,,,,,,,,,,,,,,,1,,,,,,
1958,94,2020,4,24,North Meares,11,chum,44,6,,,,,,,,,,,,,,,,,,,,,,1,,,,,,
1959,94,2020,4,24,North Meares,12,chum,39,5,,,,,,,,,,,,,,,,,,,,,,,,,,,,
1960,94,2020,4,24,North Meares,13,chum,44,6,1,,,,,,,,,,,,,,,,,,,,,,,,,,,
1961,94,2020,4,24,North Meares,14,chum,49,7,,1,,,,,,,,,,,,,,1,,,,,,1,,,,,,
1962,94,2020,4,24,North Meares,15,chum,56,8,,,2,1,,,,,,,,,,,,1,,,,,,,,,1,1,,
1963,94,2020,4,24,North Meares,16,chum,45,7,,1,,,,,,,2,,,,,,,1,,,1,,,,,,1,,,eye
1964,94,2020,4,24,North Meares,17,chum,45,7,1,2,,,,,,,,,,,,,,1,,,,,,,,,1,,,
1965,94,2020,4,24,North Meares,18,chum,46,7,1,1,,,,,,,1,,,,,,,,,,,,,,,,,,,
1966,94,2020,4,24,North Meares,19,chum,46,8,,2,,,,,,,,,,,,,,,,,,,,,,,,,,
1967,94,2020,4,24,North Meares,20,chum,48,8,,,,,,,,,,,,,,,,,,,,,,1,,,1,,,
1968,94,2020,4,24,North Meares,21,chum,45,6,1,,,,,,,,,,,,,,,,,,,,,,,,,,,
1969,94,2020,4,24,North Meares,22,chum,46,7,,2,,,,,,,,,,,,,,1,,,,,,,,,,,,
1970,94,2020,4,24,North Meares,23,chum,47,8,,,,,,,,,,,,,,,,,,,,,,,,,1,,,
1971,94,2020,4,24,North Meares,24,chum,45,7,,,,,,,,,,,,,,,,,,,,,,1,,,,,,
1972,94,2020,4,24,North Meares,25,chum,44,6,,,,,,,,,,,,,,,,,,,,,,,,,,,,
1973,94,2020,4,24,North Meares,26,chum,40,6,,,,,,,,,,,,,,,,,,,,,,,,,,,,ripped gill arch
1974,94,2020,4,24,North Meares,27,chum,49,7,,,,1,,,,,,,,,,,,,,,,,,,,,,,,
1975,94,2020,4,24,North Meares,28,chum,45,7,,,,,,,,,,,,,,,,,,,,,,,,,,,,
1976,94,2020,4,24,North Meares,29,chum,56,8,,1,,,,,,,,,,,,,,,,,,,,,,,1,,,
1977,94,2020,4,24,North Meares,30,chum,42,6,,,,,,,,,,,,,,,,,,,,,,,,,,,,
1978,94,2020,4,24,North Meares,31,chum,41,5,,,,,,,,,,,,,,,,,,,,,,,,,,,,
1979,94,2020,4,24,North Meares,32,chum,39,5,,,,,,,,,,,,,,,,,,,,,,,,,,,,
1980,94,2020,4,24,North Meares,33,chum,48,8,1,,,,,,,,,,,,,,,,,,,,,,,,,,,
1981,94,2020,4,24,North Meares,34,chum,41,5,,,,,,,,,,,,,,,,,,,,,,,,,,,,
1982,94,2020,4,24,North Meares,35,chum,44,6,,,,,,,,,,,,,,,,,,,,,,1,,,,,,
1983,94,2020,4,24,North Meares,36,chum,43,8,,,,,,,,,,,,,,,,,,,,,,,,,1,,,
1984,94,2020,4,24,North Meares,37,chum,40,5,,,,,,,,,,,,,,,,,,,,,,,,,,,,
1985,94,2020,4,24,North Meares,38,chum,49,8,,3,,,,,,,,,,,,,,,,,1,,,1,,,1,,,jaw
1986,94,2020,4,24,North Meares,39,chum,41,6,1,,,,,,,,,,,,,,,,,,1,,,,,,,,,flank
1987,94,2020,4,24,North Meares,40,chum,42,6,2,1,,,,,,,,,,,,,,,,,,,,,,,,,,
1988,94,2020,4,24,North Meares,41,chum,39,5,1,,,,,,,,,,,,,,,,,,,,,,,,,,,ripped cdf
1989,94,2020,4,24,North Meares,42,chum,47,7,1,,,,,,,,,,,,,,,,,,,,,,,,,,,
1990,94,2020,4,24,North Meares,43,chum,43,6,,,,,,,,,,,,,,,,,,,,,,,,,,,,
1991,94,2020,4,24,North Meares,44,chum,44,7,,,,,,,,,,,,,,,,,,,,,,,,,1,,,
1992,94,2020,4,24,North Meares,45,chum,49,7,,2,,,,,,,,,,,,,,,,,,,,,,,,,,
1993,94,2020,4,24,North Meares,46,chum,48,8,,,,,,,,,,,,,,,,,,,,,,,,,1,,,
1994,94,2020,4,24,North Meares,47,chum,44,6,1,2,,,,,,,,,,,,,,,,,,,,,,,,,,
1995,94,2020,4,24,North Meares,48,chum,50,8,,1,,,,,,,,1,,,,,,1,,,,,,,,,,,,
1996,94,2020,4,24,North Meares,49,chum,39,4,,,,,,,,,,,,,,,,,,,,,,,,,,,,
1997,94,2020,4,24,North Meares,50,chum,39,5,,,,,,,,,,,,,,,,,,,,,,,,,,,,
1998,95,2020,4,24,Cypre River,1,coho,79,14,,,,,,,,,,,,,,,,,,,,,,,,1,,,,
1999,95,2020,4,24,Cypre River,2,coho,78,14,,,,,,,,,,,,,,,,,,,,,,,,1,,,,
2000,95,2020,4,24,Cypre River,3,chinook,41,5,,,,,,,,,,,,,,,,,,,,,,,,,,,,
2001,95,2020,4,24,Cypre River,4,chum,43,6,1,,,,,,,,,,,,,,,,,,,,,,,,,,,
2002,95,2020,4,24,Cypre River,5,chum,53,10,,,,,,,,,,,,,,,,,,,,,,,,,,,,
2003,95,2020,4,24,Cypre River,6,chum,39,6,1,,,,,,,,,,,,,,,,,,,,,,,,,,,
2004,95,2020,4,24,Cypre River,7,chum,54,9,1,,,,,,,,,,,,,,,,,,,,,,,,,,,
2005,95,2020,4,24,Cypre River,8,chum,48,8,,,,,,,,,,,,,,,,,,,,,,,,,,,,
2006,95,2020,4,24,Cypre River,9,chum,53,10,1,,,,,,,,,,,,,,,,,,1,,,,,,,,,flank
2007,95,2020,4,24,Cypre River,10,chum,49,7,,,,,,,,,,,,,,,,,,,1,,,,,,,,,lower jaw
2008,95,2020,4,24,Cypre River,11,chum ,48,9,,,,,,,,,,,,,,,,,1,,,,,,,,,,,fish
2009,95,2020,4,24,Cypre River,12,chum,52,9,,,,,,,,,,,,,,,,,,,,,,,,,,,,
2010,95,2020,4,24,Cypre River,13,chum,53,9,,,,,,,,,,,,,,,,,,,,,,,,,,,,
2011,95,2020,4,24,Cypre River,14,chum,49,8,1,,,,,,,,,,,,,,,,,,,,,,,,,,,
2012,95,2020,4,24,Cypre River,15,chum,40,5,,,,,,,,,,,,,,,,,,,,,,,,,,,,
2013,95,2020,4,24,Cypre River,16,chum,48,7,,,,,,,,,,,,,,,,,,,,,,,,,,,,
2014,95,2020,4,24,Cypre River,17,chum,39,4,,,,,,,,,,,,,,,,,,,,,,,,,,,,
2015,95,2020,4,24,Cypre River,18,chum,47,7,,,,,,,,,,,,,,,,,,,,,,,,,,,,
2016,95,2020,4,24,Cypre River,19,chum,51,8,,1,,,,,,,,,,,,,,1,,,,,,,,,,,,
2017,95,2020,4,24,Cypre River,20,chum,52,8,,,1,,,,,,,,,,,,,1,,,,,,,,,,,,
2018,95,2020,4,24,Cypre River,21,chum,49,8,,,,,,,,,,,,,,,,,,,,,,,,,,,,
2019,95,2020,4,24,Cypre River,22,chum,48,8,1,,,,,,,,,,,,,,,,,,,,,,,,,,,
2020,95,2020,4,24,Cypre River,23,chum,53,10,,,,,,,,,,,,,,,,,,,,,,,,,,,,
2021,95,2020,4,24,Cypre River,24,chinook,61,12,,,,,,,,,,,,,,,,,,,,,,,,,,,,
2022,95,2020,4,24,Cypre River,25,chum,51,9,2,,2,,,,,,,,,,,,,1,,,,,,,,,,,,
2023,95,2020,4,24,Cypre River,26,chum,40,6,,,,,,,,,,,,,,,,,,,,,,,,,,,,
2024,95,2020,4,24,Cypre River,27,chinook,53,10,1,,,,,,,,,,,,,,,,,,,,,,,,,,,
2025,95,2020,4,24,Cypre River,28,chinook,41,5,,,,,,,,,,,,,,,,,,,,,,,,,,,,
2026,95,2020,4,24,Cypre River,29,chinook,50,10,,,,,,,,,1,,,,,,,,,,,,,,,,,,,
2027,95,2020,4,24,Cypre River,30,chum,48,7,,,,,,,,,,,,,,,,,1,,,,,,,,,,,fish
2028,95,2020,4,24,Cypre River,31,chum,47,8,,,,,,,,,,,,,,,,,,,,,,,,,,,,
2029,95,2020,4,24,Cypre River,32,chum,39,6,1,,,,,,,,,,,,,,,,,,,,,,,,,,,
2030,95,2020,4,24,Cypre River,33,chum,55,10,,1,,,,,,,,,,,,,,,,,,,,,,,,,,
2031,95,2020,4,24,Cypre River,34,chinook,40,7,,,,,,,,,,,,,,,,,,,1,,,,,,,,,flank
2032,95,2020,4,24,Cypre River,35,chum,51,10,,,,,,,,,,,,,,,,,,,,,,,,,,,,
2033,95,2020,4,24,Cypre River,36,chum,56,9,,,,,,,,,,,,,,,,,,,,,,,,,,,,
2034,95,2020,4,24,Cypre River,37,chum,49,8,,,,,,,,,,,,,,,,,,,,,,,,,,,,
2035,95,2020,4,24,Cypre River,38,chum,51,8,2,,,,,,,,,,,,,,,,,,,,,,,,,,,
2036,95,2020,4,24,Cypre River,39,chum,49,9,,,,,,,,,,,,,,,,,,,,,,,,,,,,
2037,95,2020,4,24,Cypre River,40,chum,51,8,,,,,,,,,,,,,,,,,,,,,,,,,,,,
2038,95,2020,4,24,Cypre River,41,chinook,40,7,,,,,,,,,,,,,,,,,,,,,,,,,,,,
2039,95,2020,4,24,Cypre River,42,chinook,41,6,,,,,,,,,,,,,,,,,,,,,,,,,,,,
2040,95,2020,4,24,Cypre River,43,chum,53,10,,,,,,,,,,,,,,,,,,,,,,,,,,,,
2041,95,2020,4,24,Cypre River,44,chum,52,10,,,,,,,,,,,,,,,,,,,,,,,,,,,,
2042,95,2020,4,24,Cypre River,45,chum,46,7,,,,,,,,,,,,,,,,,,,,,,,,,,,,
2043,95,2020,4,24,Cypre River,46,chum,50,9,,,,,,,,,,,,,,,,,,,,,,,,,,,,
2044,95,2020,4,24,Cypre River,47,chum,49,9,,,,,,,,,,,,,,,,,,,,,,,,,,,,
2045,95,2020,4,24,Cypre River,48,chum,39,5,,,,,,,,,,,,,,,,,,,1,,,,,,,,,peduncle
2046,95,2020,4,24,Cypre River,49,chum ,47,9,,,,,,,,,,,,,,,,,,,,,,,,,,,,
2047,95,2020,4,24,Cypre River,50,chum,40,5,3,,,,,,,,,,,,,,,,,,,,,,,,,,,
2048,96,2020,4,24,Ritchie Bay,1,chum,59,10,,2,3,1,1,,,,,,,,,,,2,,,,,,,,,,,,
2049,96,2020,4,24,Ritchie Bay,2,chum,53,9,3,,1,,,,,,,,,,,,,1,,,,,,,,,,,,
2050,96,2020,4,24,Ritchie Bay,3,chum,56,9,1,,,,,,,,,,,,,,,,,,,,,,,,,,,
2051,96,2020,4,24,Ritchie Bay,4,chum,57,9,,1,,,,,,,,,,,,,,1,,,,,,,,,,,,
2052,96,2020,4,24,Ritchie Bay,5,chum,61,10,,,,,,,,,,,,,,,,,,,,,,,,,,,,
2053,96,2020,4,24,Ritchie Bay,6,chum,57,10,,1,,,1,,,,,,,,,,,,,,,,,,,,,,,
2054,96,2020,4,24,Ritchie Bay,7,chum,55,7,,1,,1,,,,,,,,,,,,,,,,,,,,,,,,
2055,96,2020,4,24,Ritchie Bay,8,chum,57,10,,1,,1,,,,,,,,,,,,1,,,,,,,,,,,,
2056,96,2020,4,24,Ritchie Bay,9,chum,54,8,2,1,1,1,,,,,1,,,,,,,3,,,1,,,,,,,,,chal scar
2057,96,2020,4,24,Ritchie Bay,10,chum,50,8,,1,2,,,,,,,,,,,,,1,,,,,,,,,,,,
2058,96,2020,4,24,Ritchie Bay,11,chum,52,9,1,1,,,,,,,1,,,,,,,,,,,,,,,,,,,
2059,96,2020,4,24,Ritchie Bay,12,chum,56,10,1,3,,,2,,,,1,,,,,,,1,,,,,,1,,,,,,
2060,96,2020,4,24,Ritchie Bay,13,chum,62,9,2,,2,,,,,,,,,,,,,1,,,,,,,,,,,,
2061,96,2020,4,24,Ritchie Bay,14,chum,61,10,1,1,,,,,,,,,,,,,,,,,,,,,,,,,,
2062,96,2020,4,24,Ritchie Bay,15,chum,55,8,1,1,,1,,,,,,,,,,,,1,,,,,,,,,,,,
2063,96,2020,4,24,Ritchie Bay,16,chum,60,9,1,1,,,,,,,,,,,,,,1,,,,,,,,,,,,
2064,96,2020,4,24,Ritchie Bay,17,chum,58,8,1,1,2,,,,,,,,,,,,,1,,,,,,,,,,,,
2065,96,2020,4,24,Ritchie Bay,18,chum,55,9,2,1,,4,3,,,,1,,,,,,,4,,,,,,,,,,,,
2066,96,2020,4,24,Ritchie Bay,19,chum,67,11,1,,,1,,,,,,,,,,,,,,,,,,,,,,,,
2067,96,2020,4,24,Ritchie Bay,20,chum,57,9,,,1,1,,,,,,,,,,,,1,,,,,,,,,,,,
2068,97,2020,4,30,North Meares,1,chum,52,8,,,1,,,,,,,,,,,,,1,1,,1,,,1,,,,,,fish/hem. pred scar
2069,97,2020,4,30,North Meares,2,chum,43,7,2,1,,,,,,,,,,,,,,,,,,,,1,,,,,,
2070,97,2020,4,30,North Meares,3,chum,49,7,,1,,,,,,,,,,,,,,1,,,,,,1,,,,,,
2071,97,2020,4,30,North Meares,4,chum,51,8,1,,1,,,,,,,,,,,,,,,,,,,,,,,,,
2072,97,2020,4,30,North Meares,5,chum,42,7,1,,,,,,,,1,,,,,,,,,,,,,,,,,,,
2073,97,2020,4,30,North Meares,6,chum,51,8,,,,,,,,,,,,,,,,,,,,,,,,,1,,,
2074,97,2020,4,30,North Meares,7,chum,47,7,,,2,,,,,,,,,,,,,,,,,,,,,,,,,
2075,97,2020,4,30,North Meares,8,chum,50,8,1,2,,,,,,,,,,,,,,,,,,,1,,,,,,,
2076,97,2020,4,30,North Meares,9,chum,45,6,,1,,,,,,,,,,,,,,1,,,,,,,,,,,,
2077,97,2020,4,30,North Meares,10,chum,55,9,2,4,,,,,,,,,,,,,,2,,,,,,,,,,,,
2078,97,2020,4,30,North Meares,11,chum,45,7,1,1,,,,,,,,,,,,,,,,,,,,,,,1,,,
2079,97,2020,4,30,North Meares,12,chum,49,7,,1,2,,,,,,,,,,,,,,,,,,,,,,,,,
2080,97,2020,4,30,North Meares,13,chum,45,7,,1,,,,,,,,,,,,,,,,,,,,,,,,,,
2081,97,2020,4,30,North Meares,14,chum,47,7,1,2,1,,,,,,,,,,,,,,,,,,,,,,,,,
2082,97,2020,4,30,North Meares,15,chum,42,5,,,,,,,,,,,,,,,,,,,,,,,,,,,,
2083,97,2020,4,30,North Meares,16,chum,49,7,2,,1,,,,,,,,,,,,,,,,,,,,,,,,,
2084,97,2020,4,30,North Meares,17,chum,38,5,,,,,,,,,,,,,,,,,,,,,,,,,,,,
2085,97,2020,4,30,North Meares,18,chum,45,6,1,1,,,,,,,,,,,,,,,,,,,,,,,,,,
2086,97,2020,4,30,North Meares,19,chum,42,5,,,,,,,,,,,,,,,,,,,,,,,,,,,,
2087,97,2020,4,30,North Meares,20,chum,49,8,,,,,,,,,,,,,,,,,,,,,,1,,,1,,,
2088,97,2020,4,30,North Meares,21,chum,40,6,,,,,,,,,,,,,,,,,,,,,,,,,,,,
2089,97,2020,4,30,North Meares,22,chum,52,7,1,,2,,,,,,,,,,,,,2,,,,,,,,,,,,
2090,97,2020,4,30,North Meares,23,chum,46,7,,,,,,,,,,,,,,,,,,,,,,,,,,,,
2091,97,2020,4,30,North Meares,24,chum,52,8,,,1,,,,,,,,,,,,,,,,,,,,,,,,,
2092,97,2020,4,30,North Meares,25,chum,53,8,1,2,,,,,,,,,,,,,,,,,,,,,,,,,,
2093,97,2020,4,30,North Meares,26,chum,45,6,,1,,,,,,,,,,,,,,,,,,,,,,,,,,
2094,97,2020,4,30,North Meares,27,chum,43,5,1,1,,,,,,,,,,,,,,,,,,,,,,,,,,
2095,97,2020,4,30,North Meares,28,chum,43,6,1,,,,,,,,,,,,,,,,,,,,,,,,,,,
2096,97,2020,4,30,North Meares,29,chum,47,7,,1,,,,,,,,,,,,,,1,,,,,,,,,,,,
2097,97,2020,4,30,North Meares,30,chum,43,5,3,,,,,,,,,,,,,,,,1,,1,,,,,,,,,hem pred scar fish
2098,97,2020,4,30,North Meares,31,chum,45,7,1,,,,,,,,,,,,,,,,,,,,,,,,,,,
2099,97,2020,4,30,North Meares,32,chum,45,6,3,,,,,,,,,,,,,,,,,,,,,,,,,,,
2100,97,2020,4,30,North Meares,33,chum,45,6,1,1,,,,,,,,,,,,,,,,,,,,,,,,,,
2101,97,2020,4,30,North Meares,34,chum,45,7,,1,,,,,,,,,,,,,,,,,,,,1,,,1,,,
2102,97,2020,4,30,North Meares,35,chum,43,6,,,,,,,,,,,,,,,,,,,,,,1,,,,,,
2103,97,2020,4,30,North Meares,36,chum,40,6,,1,,,,,,,,,,,,,,1,,,,,,,,,,,,
2104,97,2020,4,30,North Meares,37,chum,50,8,,3,5,,,,,,1,,,,,,,4,,,1,,,,,,,,,flank
2105,97,2020,4,30,North Meares,38,chum,43,6,1,,,,,,,,,,,,,,,,,,,,,,,,,,,
2106,97,2020,4,30,North Meares,39,chum,51,10,1,2,,,,,,,,,,,,,,1,,,,,,,,,,,,
2107,97,2020,4,30,North Meares,40,chum,49,8,,1,,1,,,,,,,,,,,,1,,,,,,,,,,1,,
2108,97,2020,4,30,North Meares,41,chum,51,7,1,,,,,,,,2,,,,,,,,,,1,,,,,,,,,flank
2109,97,2020,4,30,North Meares,42,chum,50,8,1,1,1,,,,,,,,,,,,,2,,,,,,,,,,,,
2110,97,2020,4,30,North Meares,43,chum,50,8,,,,,,,,,2,,,,,,,,,,,,,,,,,,,
2111,97,2020,4,30,North Meares,44,chum,51,9,,,,,,,,,,,,,,,,,,,,,,,,,,,,
2112,97,2020,4,30,North Meares,45,chum,49,8,1,2,,,,,,,,,,,,,,,,,,,,,,,,,,
2113,97,2020,4,30,North Meares,46,chum,47,8,,,,,,,,,,,,,,,,,,,,,,,,,,,,
2114,97,2020,4,30,North Meares,47,chum,50,8,2,1,3,,,,,,,,,,,,,2,,,,,,,,,,,,
2115,97,2020,4,30,North Meares,48,chum,50,7,,1,1,,,,,,,,,,,,,,,,,,,,,,,,,
2116,97,2020,4,30,North Meares,49,chum,51,8,1,2,1,,,,,,,,,,,,,,,,,,,,,,,,,
2117,97,2020,4,30,North Meares,50,chum,50,8,1,2,,,,,,,,,,,,,,1,,,,,,,,,1,,,
2118,97,2020,4,30,North Meares,51,chinook,40,7,1,,,,,,,,,,,,,,,,,,,,,,,,,,,
2119,98,2020,4,30,Cypre River,1,chinook,54,10,,,,,,,,,,,,,,,,,,,,,,,,,,,,
2120,98,2020,4,30,Cypre River,2,coho,80,15,,,,,,,,,,,,,,,,,,,,,,,,,,,,split analfin
2121,98,2020,4,30,Cypre River,3,chum,53,9,1,,,,,,,,,,,,,,,,,,,,,,,,,,,scarred flank
2122,98,2020,4,30,Cypre River,4,chinook,43,8,,,,,,,,,,,,,,,,,,,,,,,,,,,,
2123,98,2020,4,30,Cypre River,5,chinook,43,7,,,,,,,,,,,,,,,,,,,,,,,,,,,,
2124,99,2020,4,30,Ritchie Bay,1,chum,66,10,,2,1,,,,,,1,,,,,,,,,,,,,,,1,,,,
2125,99,2020,4,30,Ritchie Bay,2,chum,46,7,1,2,,,,,,,,,,,,,,,,,1,,,,,,,,,operculum
2126,99,2020,4,30,Ritchie Bay,3,chum,50,7,1,,,,,,,,,,,,,,,,,,,,,,,,,,,
2127,99,2020,4,30,Ritchie Bay,4,chum,55,9,,2,,,,,,,,,,,,,,,,,,,,1,,,,1,,
2128,99,2020,4,30,Ritchie Bay,5,chum,68,12,,1,1,,,,,,,,,,,,,,,,,,,,,,,,,
2129,99,2020,4,30,Ritchie Bay,6,chum,58,10,1,1,2,,,,,,,,,,,,,2,,,,,,,,,,,,
2130,99,2020,4,30,Ritchie Bay,7,chum,47,8,1,,,,,,,,,,,,,,,,,,,,,,,,,,,
2131,99,2020,4,30,Ritchie Bay,8,chum,52,8,,,1,,,,,,,,,,,,,1,,,,,,,,,,,,
2132,99,2020,4,30,Ritchie Bay,9,chum,56,10,,2,,,,,,,,,,,,,,,,,,,,,,,,,,
2133,99,2020,4,30,Ritchie Bay,10,chum,56,9,,1,,,,,,,,,,,,,,,,,1,,,,,,,,,eye
2134,99,2020,4,30,Ritchie Bay,11,chum,58,11,,,1,,,,,,,,,,,,,,,,,,,,,,,,,
2135,99,2020,4,30,Ritchie Bay,12,chum,50,9,,1,,,,,,,,,,,,,,1,,,,,,,,,,,,
2136,99,2020,4,30,Ritchie Bay,13,chum,54,8,,,,,,,,,,,,,,,,,,,,,,,,,,,,
2137,99,2020,4,30,Ritchie Bay,14,chum,52,9,,2,3,,,,,,,,,,,,,1,,,,,,1,,,1,,,
2138,99,2020,4,30,Ritchie Bay,15,chum,50,7,,,,,,,,,,,,,,,,,,,,,,,,,1,,,
2139,99,2020,4,30,Ritchie Bay,16,chum,51,9,,1,2,,,,,,,,,,,,,,,,,,,,,,,,,
2140,99,2020,4,30,Ritchie Bay,17,chum,52,10,,1,,,,,,,,,,,,,,,,,,,,1,,,1,,,
2141,99,2020,4,30,Ritchie Bay,18,chum,54,9,,1,,,,,,,,,,,,,,,,,,,,,,,1,,,
2142,99,2020,4,30,Ritchie Bay,19,chum,72,13,,2,2,,,,,,,,,,,,,,,,,,,,,1,1,,,
2143,99,2020,4,30,Ritchie Bay,20,chum,44,7,,2,,,,,,,,,,,,,,,,,,,,1,,,,,,
2144,99,2020,4,30,Ritchie Bay,21,chum,49,8,1,2,1,1,,,,,,,,,,,,1,,,,,,,,,1,,,
2145,99,2020,4,30,Ritchie Bay,22,chum,51,9,,,,,,,,,,,,,,,,,,,,,,,,,,,,
2146,99,2020,4,30,Ritchie Bay,23,chum,54,9,,2,,,,,,,,,,,,,,1,,,,,,,,,,,,
2147,99,2020,4,30,Ritchie Bay,24,chum,54,9,,1,1,,,,,,,,,,,,,1,,,,,,1,,,,,,
2148,99,2020,4,30,Ritchie Bay,25,chum,53,8,,1,1,,,,,,,,,,,,,1,,,,,,,,,1,,,
2149,99,2020,4,30,Ritchie Bay,26,chum,64,10,,2,,,,,,,1,,,,,,,,,,,,1,,,,1,,,
2150,99,2020,4,30,Ritchie Bay,27,chum,60,10,,,,,,,,,,,,,,,,,,,,,1,,,,,,,
2151,99,2020,4,30,Ritchie Bay,28,chum,56,10,,2,,,,,,,,,,,,,,1,,,,,,,,,,,,
2152,99,2020,4,30,Ritchie Bay,29,chum,53,9,,1,,,,,,,,,,,,,,1,,,,,,,,,1,1,,
2153,99,2020,4,30,Ritchie Bay,30,chum,52,9,,2,2,,,,,,,,,,,,,1,,,,,,,,,1,,,
2154,99,2020,4,30,Ritchie Bay,31,chum,46,8,,1,,,,,,,,,,,,,,,,,,,,,,,,,,
2155,99,2020,4,30,Ritchie Bay,32,chum,56,10,,,,,,,,,,,,,,,,,,,,,,,,,,,,
2156,99,2020,4,30,Ritchie Bay,33,chum,55,9,,1,1,,,,,,,,,,,,,1,,,,,,,,,,,,
2157,99,2020,4,30,Ritchie Bay,34,chum,42,5,,,,,,,,,,,,,,,,,,,,,,,,,,,,
2158,99,2020,4,30,Ritchie Bay,35,chum,47,8,,1,,,,,,,,,,,,,,,,,,,,1,,,,,,
2159,99,2020,4,30,Ritchie Bay,36,chum,55,9,1,,2,,,,,,,,,,,,,2,,,,,,,,,,,,
2160,99,2020,4,30,Ritchie Bay,37,chum,56,9,1,,,,,,,,,,,,,,,,,,,,,,,,1,,,
2161,99,2020,4,30,Ritchie Bay,38,chum,49,8,,,,,,,,,,,,,,,,,,,,,,1,,,,,,
2162,99,2020,4,30,Ritchie Bay,39,chum,58,10,,,,,,,,,,,,,,,,,,,1,,,,,,,,,"anal fin, caudal fin"
2163,99,2020,4,30,Ritchie Bay,40,chum,47,8,,2,,,,,,,,,,,,,,,,,,,,,,,,,,
2164,99,2020,4,30,Ritchie Bay,41,chum,73,12,,3,1,,,,,,,,,,,,,,,,,,,,,1,1,,,
2165,99,2020,4,30,Ritchie Bay,42,chum,47,7,,,,,,,,,,,,,,,,,,,,,,1,,,1,,,
2166,99,2020,4,30,Ritchie Bay,43,chum,54,9,,2,,,,,,,,,,,,,,,,,,,,,,,,,,
2167,99,2020,4,30,Ritchie Bay,44,chum,54,9,,,1,,,,,,,,,,,,,,,,,,,,,,1,1,,
2168,99,2020,4,30,Ritchie Bay,45,chum,52,8,1,2,1,,,,,,,,,,,,,1,,,,,,,,,,,,
2169,99,2020,4,30,Ritchie Bay,46,chum,53,8,,,,,,,,,,,,,,,,,,,,,,1,,,,,,
2170,99,2020,4,30,Ritchie Bay,47,chum,53,8,,3,,,,,,,,,,,,,,,,,,,,,,,1,,,
2171,99,2020,4,30,Ritchie Bay,48,chum,40,6,,,,,,,,,,,,,,,,,,,,,,,,,,,,
2172,99,2020,4,30,Ritchie Bay,49,chum,43,16,1,,,,,,,,,,,,,,,,,,,,,,,,,,,
2173,99,2020,4,30,Ritchie Bay,50,chum,62,10,,,,,,,,,,,,,,,,,,,,,,1,,,,,,
2174,100,2020,5,8,Cypre River,1,chinook,48,8,2,,,,,,,,,,,,,,,,,,,,,,,,,,,
2175,100,2020,5,8,Cypre River,2,coho,88,16,4,,,,,,,,2,,,,,,,,,,,,,,,1,,,,
2176,100,2020,5,8,Cypre River,3,chinook,78,16,,,,,,,,,,,,,,,,,,,,,,,,1,1,,,
2177,100,2020,5,8,Cypre River,4,chinook,74,13,,5,,,,,,,1,,,,,,,,,,,,,,,1,1,,,
2178,100,2020,5,8,Cypre River,5,coho,76,14,,,,,,,,,,1,,,,,,,,,,,,,,1,,,,
2179,100,2020,5,8,Cypre River,6,chinook,44,8,,,,,,,,,,,,,,,,,,,,,,,,,1,,,
2180,100,2020,5,8,Cypre River,7,chinook,60,12,,1,,,,,,,,,,,,,,,,,,,,,,,,,,
2181,100,2020,5,8,Cypre River,8,chinook,80,14,,,,,,,,,,1,,,,,,,,,,,,,,1,,,,
2182,100,2020,5,8,Cypre River,9,coho,88,16,,,,,,,,,1,,,,,,,,,,,,,,,1,,,,
2183,100,2020,5,8,Cypre River,10,chinook,79,14,,,,,,,,,,,,,,,,,,,,,,,,1,1,,,
2184,100,2020,5,8,Cypre River,11,chinook,97,19,,,,,,,,,,1,,,,,,,,,,,,,,,1,,,
2185,100,2020,5,8,Cypre River,12,chum,55,10,,,,,,,,,,,,,,,,,,,,,,,,,1,,,
2186,100,2020,5,8,Cypre River,13,chinook,79,15,,1,1,,,,,,2,,,,,,,,,,,,,,,1,1,,,
2187,100,2020,5,8,Cypre River,14,chinook,96,18,,,,,,,,,,,,,,,,,,,,,,,,,,,,
2188,100,2020,5,8,Cypre River,15,chinook,54,10,,1,,,,,,,,1,,,,,,,,,,,,,,,,,,
2189,100,2020,5,8,Cypre River,16,chinook,60,12,,,,,,,,,,,1,,,,,,,,,,,,,,1,,,
2190,100,2020,5,8,Cypre River,17,coho,92,18,,,,,,,,,5,,,,,,,,,,,,,,,1,,,,
2191,100,2020,5,8,Cypre River,18,chinook,80,14,,1,,,,,,,1,1,,,,,,,,,,,,,,1,,,,
2192,100,2020,5,8,Cypre River,19,chinook,86,16,,,,,,,,,,1,,,,,,,,,,,,,,1,,,,
2193,100,2020,5,8,Cypre River,20,chinook,76,16,,,,,,,,,,,,,,,,,,,,,,,,1,1,,,
2194,100,2020,5,8,Cypre River,21,chinook,69,14,,,,,,,,,,1,1,,,,,,,,,,,,,,,,,
2195,100,2020,5,8,Cypre River,22,chinook,74,14,,,,,,,,,,,,,,,,,,,,,,,,,,,,
2196,100,2020,5,8,Cypre River,23,chinook,77,14,,,,,,,,,,,,,,,,,,,,,,,,1,,,,
2197,100,2020,5,8,Cypre River,24,chinook,78,15,,,,,,,,,2,,,,,,,,,,,,,,,2,,,,
2198,100,2020,5,8,Cypre River,25,coho,82,16,1,1,,,,,,,1,,,,,,,,,,,,,,,1,,,,
2199,100,2020,5,8,Cypre River,26,chinook,80,15,,,,,,,,,,,,,,,,,,,,,,,,,,,,
2200,100,2020,5,8,Cypre River,27,chum,53,8,,,,,,,,,,,,,,,,,,,,,,,,,,,,
2201,100,2020,5,8,Cypre River,28,chum,57,9,,,,,,,,,,,,,,,,,,,,,,,,,,,,
2202,100,2020,5,8,Cypre River,29,chum,54,9,,,,,,,,,,,,,,,,,,,,,,,,,,,,
2203,100,2020,5,8,Cypre River,30,chum,56,9,,,,,,,,,,,,,,,,,,,,,,,,,,,,split ANF
2204,100,2020,5,8,Cypre River,31,chum,48,8,,,,,,,,,,,,,,,,,,,,,,,,,,,,
2205,100,2020,5,8,Cypre River,32,chum,59,10,,,,,,,,,,,,,,,,,,,,,,,,,1,,,
2206,100,2020,5,8,Cypre River,33,chum,54,9,,,,,,,,,,,,,,,,,,,,,,,,,,,,
2207,100,2020,5,8,Cypre River,34,chum,50,8,,,1,,,,,,,,,,,,,,,,,,,,,,,,,scarred flank
2208,100,2020,5,8,Cypre River,35,chum,51,8,,,,,,,,,,,,,,,,,,,,,,,,,,,,
2209,100,2020,5,8,Cypre River,36,chum,58,8,,,,,,,,,,,,,,,,,,,,,,,,,,,,
2210,100,2020,5,8,Cypre River,37,chum,52,9,,,,,,,,,,,,,,,,,,,,,,,,,,,,
2211,100,2020,5,8,Cypre River,38,chum,49,7,,,,,,,,,,,,,,,,,,,,,,,,,,,,
2212,100,2020,5,8,Cypre River,39,chum,52,8,,,,,,,,,,,,,,,,,,,,,,,,,,,,
2213,100,2020,5,8,Cypre River,40,chum,57,9,,,,,,,,,,,,,,,,,,,1,,,,,,,,,anf
2214,100,2020,5,8,Cypre River,41,chum,54,9,,,,,,,,,,,,,,,,,,,,,,,,,,,,
2215,100,2020,5,8,Cypre River,42,chum,58,10,,,3,,,,,,,,,,,,,3,,,,,1,,,,,,,erroded cdf
2216,100,2020,5,8,Cypre River,43,chum,59,10,,,1,,,,,,,,,,,,,,,,,,,,,,,,,
2217,100,2020,5,8,Cypre River,44,chum,56,10,,,,,,,,,,,,,,,,,,,,,,,,,,,,
2218,100,2020,5,8,Cypre River,45,chum,54,8,,,1,,,,,,,,,,,,,1,,,,,,,,,,,,
2219,100,2020,5,8,Cypre River,46,chum,48,8,,,,,,,,,,,,,,,,,,,,,,,,,,,,
2220,100,2020,5,8,Cypre River,47,chum,45,8,,,,,,,,,,,,,,,,,,,,,,,,,,,,
2221,100,2020,5,8,Cypre River,48,chum,55,9,,,,,,,,,,,,,,,,,,,,,,,,,,,,
2222,100,2020,5,8,Cypre River,49,chum,54,8,,,,,,,,,,,,,,,,,,,,,,,,,,,,
2223,100,2020,5,8,Cypre River,50,chum,49,8,,,,,,,,,,,,,,,,,,,,,,,,,,,,
2224,100,2020,5,8,Cypre River,51,chum,59,10,,,,,,,,,,,,,,,,,,,,,,,,,,,,
2225,100,2020,5,8,Cypre River,52,chum,51,8,,,,,,,,,,,,,,,,,,,,,,1,,,,,,
2226,100,2020,5,8,Cypre River,53,chum,49,7,,,,,,,,,,,,,,,,,,,,,,,,,,,,
2227,100,2020,5,8,Cypre River,54,chum,51,8,,,,,,,,,,,,,,,,,,,,,,,,,,,,
2228,100,2020,5,8,Cypre River,55,chum,50,8,,,,,,,,,,,,,,,,,,,,,,,,,,,,
2229,100,2020,5,8,Cypre River,56,chum,53,8,,,,,,,,,,,,,,,,,,,,,,,,,,,,
2230,100,2020,5,8,Cypre River,57,chum,48,8,,,,,,,,,,,,,,,,,,,,,,,,,,,,
2231,101,2020,5,8,North Meares,1,chum,59,10,,2,,,,,,,1,,,,,,,1,,,,,,,,,,,,
2232,101,2020,5,8,North Meares,2,chum,60,10,,1,1,,,,,,,,,,,,,,,,,,,,,,,,,
2233,101,2020,5,8,North Meares,3,chum,52,8,,1,,,,,,,1,,,,,,,,,,,,,,,,,,,
2234,101,2020,5,8,North Meares,4,chum,59,10,1,,,,,,,,,,,,,,,,,,,,,,,,,,,
2235,101,2020,5,8,North Meares,5,chum,53,7,,,,,,,,,,,,,,,,,,,,,,,,,,,,
2236,101,2020,5,8,North Meares,6,chum,68,12,,2,1,,,,,,1,,,,,,,2,,,,,,1,,,,,,
2237,101,2020,5,8,North Meares,7,chum,58,10,,5,,2,,,,,,,,,,,,1,,,1,,,,,,,1,,cs
2238,101,2020,5,8,North Meares,8,chum,60,11,,,1,,,,,,,,,,,,,1,,,,,,,,,,,,
2239,101,2020,5,8,North Meares,9,chum,57,9,,1,1,1,,,,,,,,,,,,,,,,,,,,,,,,
2240,101,2020,5,8,North Meares,10,chum,66,10,,3,1,,,,,,,,,,,,,,,,,,,,,,,,,
2241,101,2020,5,8,North Meares,11,chum,58,9,,,,,,,,,,,,,,,,,,,,,,,,,,,,
2242,101,2020,5,8,North Meares,12,chum,60,11,,,,,,,,,,1,,,,,,,,,,,,,,,,,,
2243,101,2020,5,8,North Meares,13,chum,44,7,,1,,,,,,,,,,,,,,,,,,,,,,,,,,
2244,101,2020,5,8,North Meares,14,chum,63,10,,,,,,,,,,,,,,,,,,,1,,,,,1,,,,anf
2245,101,2020,5,8,North Meares,15,chum,51,9,,1,,,,,,,,,,,,,,,,,,,,,,,,,,
2246,101,2020,5,8,North Meares,16,chum,62,10,,1,1,1,,,,,,,,,,,,1,,,,,,,,,,,,
2247,101,2020,5,8,North Meares,17,chum,54,10,,1,,,,,,,1,,,,,,,,,,,,,,,,,,,cdf missing
2248,101,2020,5,8,North Meares,18,chum,42,5,1,1,,,,,,,,,,,,,,,,,,,,,,,,,,
2249,101,2020,5,8,North Meares,19,chum,55,9,1,2,1,,,,,,1,,,,,,,1,,,,,,,,,,1,,
2250,101,2020,5,8,North Meares,20,chum,62,10,,,,,,,,,,,,,,,,,,,,,,1,,,,,,
2251,101,2020,5,8,North Meares,21,chum,48,8,,,1,,,,,,,,1,,,,,1,,,,,,,,,,,,
2252,101,2020,5,8,North Meares,22,chum,57,9,,,,,,,,,,,,,,,,,,,,,,,,,,,,
2253,101,2020,5,8,North Meares,23,chum,40,6,1,1,,,,,,,,,,,,,,,,,,,,,,,,,,scarred flank
2254,101,2020,5,8,North Meares,24,chum,67,11,1,1,2,,,,,,,,,,,,,2,,,,,,,,1,,,,
2255,101,2020,5,8,North Meares,25,chum,50,9,,,,,,,,,,,,,,,,,,,,,,,,,,,,
2256,101,2020,5,8,North Meares,26,chum,54,10,2,,2,,,,,,,,,,,,,2,,,,,,,,,,,,
2257,101,2020,5,8,North Meares,27,chum,46,7,,,1,,,,,,,,,,,,,1,,,,,,,,,,1,,
2258,101,2020,5,8,North Meares,28,chum,62,10,,4,2,1,,,,,1,,,,,,,3,,,,,,,,,,1,,
2259,101,2020,5,8,North Meares,29,chum,46,7,,1,,,,,,,1,,,,,,,1,,,,,,,,,,,,
2260,101,2020,5,8,North Meares,30,chum,41,6,2,,,,,,,,,,,,,,,,,,,,,,,,,,,
2261,101,2020,5,8,North Meares,31,chum,60,9,,2,,,,,,,,,,,,,,,,,,,,,,,,,,
2262,101,2020,5,8,North Meares,32,chum,59,9,,,,,,,,,,,,,,,,,,,,,,,,,,,,
2263,101,2020,5,8,North Meares,33,chum,58,9,,1,1,,,,,,,,,,,,,,,,,,,,,,,,,
2264,101,2020,5,8,North Meares,34,chum,49,8,,,1,,,,,,,,,,,,,,,,,,,,,,,1,,
2265,101,2020,5,8,North Meares,35,chum,54,10,,1,,,1,,,,,1,,,,,,1,,,,,1,,,,,,,
2266,101,2020,5,8,North Meares,36,chum,70,11,,1,1,,,,,,,,,,,,,1,,,,,,,,1,,,,
2267,101,2020,5,8,North Meares,37,chum,63,10,,2,,,,,,,,,,,,,,,,,,,,,,,,,,
2268,101,2020,5,8,North Meares,38,chum,63,11,1,,,,1,,,,,,,,,,,,,,,,,,,,,,,
2269,101,2020,5,8,North Meares,39,chum,52,8,,1,3,,,,,,,,,,,,,3,,,,,,,,,,,,
2270,101,2020,5,8,North Meares,40,chum,78,13,1,2,1,,,,,,,1,,,,,,1,,,,,1,,,1,,,,
2271,101,2020,5,8,North Meares,41,chum,59,10,,2,1,,,,,,,,,,,,,,,,,,,,,,,,,
2272,101,2020,5,8,North Meares,42,chum,63,10,,2,1,,,,,,1,,,,,,,2,,,1,,,,,,,,,operc
2273,101,2020,5,8,North Meares,43,chum,44,7,,,,,,,,,,,,,,,,,,,,,,,,,,,,
2274,101,2020,5,8,North Meares,44,chum,43,6,,,,,,,,,,,,,,,,,,,,,,,,,,,,
2275,101,2020,5,8,North Meares,45,chum,53,8,,,1,,,,,,,,,,,,,,,,,,,1,,,,,,
2276,101,2020,5,8,North Meares,46,chum,65,12,,1,3,,,,,,,1,,,,,,1,,,,,,1,,,,1,,
2277,101,2020,5,8,North Meares,47,chum,48,8,,,,,,,,,,,,,,,,,,,,,,,,,,,,
2278,101,2020,5,8,North Meares,48,chum,45,7,,1,,,,,,,,,,,,,,1,,,,,,,,,,,,
2279,101,2020,5,8,North Meares,49,chum,81,14,,1,1,,,,,,,,,,,,,1,,,,,,1,,1,,,,
2280,101,2020,5,8,North Meares,50,chum,64,10,,,,,,,,,,,,,,,,,,,,,,,,1,,,,
2281,102,2020,5,8,Ritchie Bay,1,chum,63,10,,,1,,,,,,,,,,,,,1,,,,,,,,,,,,
2282,102,2020,5,8,Ritchie Bay,2,chum,58,11,,1,3,,,,,,,,,,,,,1,,,,,,,,1,,,,
2283,102,2020,5,8,Ritchie Bay,3,chum,61,11,2,,,1,,,,,,,,,,,,,,,,,,,,,,,,
2284,102,2020,5,8,Ritchie Bay,4,chum,63,11,,1,1,,,,,,,,,,,,,1,,,,,,,,,,,,
2285,102,2020,5,8,Ritchie Bay,5,chum,59,9,,3,2,1,,,,,,,,,,,,1,,,,,,,,,,,,
2286,102,2020,5,8,Ritchie Bay,6,chum,61,11,,,,1,,,,,,,,,,,,,,,,,,,,,,,,
2287,102,2020,5,8,Ritchie Bay,7,chum,63,11,,1,,,,,,,,,,,,,,,1,,,,,,,,,,,fish
2288,102,2020,5,8,Ritchie Bay,8,chum,69,11,,,,2,,,,,,,,,,,,,,,,,,,,,,,,
2289,102,2020,5,8,Ritchie Bay,9,chum,60,9,,5,,1,1,,,,,,,,,,,1,,,,,,1,,,,,,
2290,102,2020,5,8,Ritchie Bay,10,chum,60,11,,1,1,1,,,,,,,,,,,,,,,,,,,,,,,,
2291,102,2020,5,8,Ritchie Bay,11,chum,61,10,,,,,1,,,,,,,,,,,,,1,,,,,,,,,,
2292,102,2020,5,8,Ritchie Bay,12,chum,68,13,,1,,,,,,,2,,,,,,,,,,,,,,,,,,,
2293,102,2020,5,8,Ritchie Bay,13,chum,63,10,,1,,1,,,,,,1,,,,,,,,,1,,,,,,,,,jaw
2294,102,2020,5,8,Ritchie Bay,14,chum,59,10,2,4,7,,,,,,1,,,,,,,2,,,,,,1,,,,,,
2295,102,2020,5,8,Ritchie Bay,15,chum,76,14,,1,4,,,,,,,,,,,,,2,,,,,,,,,,,,
2296,102,2020,5,8,Ritchie Bay,16,chum,69,12,,1,1,,1,,,,,,,,,,,1,,,1,,,1,,,,,,flank
2297,102,2020,5,8,Ritchie Bay,17,chum,64,11,,,,,,,,,,1,,,,,,,,,1,,,,,,1,,,flank
2298,102,2020,5,8,Ritchie Bay,18,chum,65,10,,1,,,,,,,,1,,,,,,,,,,,,,,,,1,,
2299,102,2020,5,8,Ritchie Bay,19,chum,65,10,,1,2,,,,,,1,,,,,,,,,,,,,,,,,1,,
2300,102,2020,5,8,Ritchie Bay,20,chum,66,10,2,4,3,1,1,,,,1,,,,,,,2,,,,,,,,,,,,
2301,102,2020,5,8,Ritchie Bay,21,chum,63,10,,,3,,,,,,1,,,,,,,,,,,,,,,,,,,
2302,102,2020,5,8,Ritchie Bay,22,chum,71,13,,4,,,,,,,,1,,,,,,,,,,,,,,,1,,,
2303,102,2020,5,8,Ritchie Bay,23,chum,69,11,,3,,,,,,,,,,,,,,,,,,,1,,,,,,,
2304,102,2020,5,8,Ritchie Bay,24,chum,60,11,,,2,1,,,,,2,,,,,,,2,,,,,,,,,,,,
2305,102,2020,5,8,Ritchie Bay,25,chum,66,12,1,3,,,,,,,,,,,,,,,,,,,,,,,,,,
2306,102,2020,5,8,Ritchie Bay,26,chum,63,10,,3,,,,,,,,,,,,,,1,,,,,,,,,,,,
2307,102,2020,5,8,Ritchie Bay,27,chum,68,11,,2,,,,,,,,,,,,,,,,,,,,,,,,,,
2308,102,2020,5,8,Ritchie Bay,28,chum,67,12,,,,,,,,,,,,,,,,,,,,,,,,,,,,
2309,102,2020,5,8,Ritchie Bay,29,chum,64,12,1,,,,,,,,,,,,,,,,,,,,,,,,,,,
2310,102,2020,5,8,Ritchie Bay,30,chum,66,11,,7,,,,1,,,,,,,,,,2,,,,,,,,,,,,
2311,102,2020,5,8,Ritchie Bay,31,chum,55,8,,2,3,1,,,,,,,,,,,,,,,,,,,,,,1,,
2312,102,2020,5,8,Ritchie Bay,32,chum,61,9,4,1,1,,,,,,,,,,,,,,,,,,,,,,,,,
2313,102,2020,5,8,Ritchie Bay,33,chum,62,10,,,,,,,,,,1,,,,,,,,,,,,,,,,,,
2314,102,2020,5,8,Ritchie Bay,34,chum,62,10,,1,,,,,,,,,,,,,,,,,,,,,,,,,,
2315,102,2020,5,8,Ritchie Bay,35,chum,82,14,,,1,,,,,,,,,,,,,,,,,,,,,1,,,,
2316,102,2020,5,8,Ritchie Bay,36,chum,66,12,,,1,3,,,,,,,,,,,,,,,,,,,,1,,,,
2317,102,2020,5,8,Ritchie Bay,37,chum,73,12,,,2,,,,,,,2,,,,,,2,,,1,,,,,1,,,,flank
2318,102,2020,5,8,Ritchie Bay,38,chum,76,13,,1,,,,,,,,,,,,,,,,,,,,,,1,,,,gill parasite
2319,102,2020,5,8,Ritchie Bay,39,chum,64,10,2,1,2,,,,,,,,,,,,,1,,,,,,,,,,,,
2320,102,2020,5,8,Ritchie Bay,40,chum,75,13,,1,3,,,,,,,1,,,,,,,,,,,,,,1,,,,gill parasite
2321,102,2020,5,8,Ritchie Bay,41,chum,75,13,,1,1,,,,,,,,,,,,,,,,,,,,,1,,,,
2322,102,2020,5,8,Ritchie Bay,42,chum,69,11,,,1,,,,,,,1,,,,,,,,,,,,,,1,,,,
2323,102,2020,5,8,Ritchie Bay,43,chum,77,12,,,1,,,,,,,,,,,,,1,,,,,,,,1,,,,
2324,102,2020,5,8,Ritchie Bay,44,chum,61,10,,1,,,,,,,,,,,,,,,,,,,,,,,,,,
2325,102,2020,5,8,Ritchie Bay,45,chum,59,9,,1,2,,,,,,,,,,,,,,,,1,,,,,,,,,operc
2326,102,2020,5,8,Ritchie Bay,46,chum,78,13,,3,1,1,,1,,,,,,,,,,1,,,,,,,,1,,,,gill parasite
2327,102,2020,5,8,Ritchie Bay,47,chum,66,11,,1,2,,,,,,2,,,,,,,,,,,,,,,1,,,,
2328,102,2020,5,8,Ritchie Bay,48,chum,64,10,,,,1,,,,,1,1,,,,,,,,,,,,,,,,,,
2329,102,2020,5,8,Ritchie Bay,49,chum,63,10,,1,,,,,,,,,,,,,,,,,,,,,,,,,,
2330,102,2020,5,8,Ritchie Bay,50,chum,61,10,,,,,,,,,,,,,,,,,,,,,,,,,,,,
2331,103,2020,5,15,Ritchie Bay,1,chum,62,11,,,2,1,,,,,,,,,,,,,,,,,1,1,,,,,,
2332,103,2020,5,15,Ritchie Bay,2,chum,63,11,2,2,,,,,,,,,,,,,,,,,,,,1,,,,,,
2333,103,2020,5,15,Ritchie Bay,3,chum,84,14,,2,2,,,,,,,,,,,,,,,,,,,,,1,,1,,
2334,103,2020,5,15,Ritchie Bay,4,chum,62,10,1,,,,,,1,,,,,,,,,,,1,,,,,,,,,,
2335,103,2020,5,15,Ritchie Bay,5,chum,62,11,2,,,,1,,,,,,,,,,,,,1,,,,1,,,,,,
2336,103,2020,5,15,Ritchie Bay,6,chum,72,11,,,,1,,,,,,,,,,,,1,,,,,,,,1,,,,
2337,103,2020,5,15,Ritchie Bay,7,chum,61,10,4,1,,,,,,,,,,,,,,,,,,,1,,,,,,,
2338,103,2020,5,15,Ritchie Bay,8,chum,72,13,5,3,1,1,,,,,3,,,,,,,,,,,,,,,1,,1,,
2339,103,2020,5,15,Ritchie Bay,9,chum,68,11,3,1,,,,,,,,,,,,,,1,,,,,,,,,,,,
2340,103,2020,5,15,Ritchie Bay,10,chum,71,11,3,1,,,,,,,,,,,,,,,,,,,,,,1,,,,
2341,103,2020,5,15,Ritchie Bay,11,chum,68,11,4,1,1,,,,,,,,,,,,,1,,,,,,1,,1,1,,,
2342,103,2020,5,15,Ritchie Bay,12,chum,72,12,3,1,1,,,,,,1,,,,,,,1,,,,,1,,,1,,,,
2343,103,2020,5,15,Ritchie Bay,13,chum,76,13,,,3,1,,,,,,,,,,,,3,,,,,,,,1,,,,
2344,103,2020,5,15,Ritchie Bay,14,chum,71,11,8,,2,,1,,,,,,,,,,,2,,,,,,,,,,,,
2345,103,2020,5,15,Ritchie Bay,15,chum,72,13,1,,,,,,,,,,,,,,,,,,,,1,,,1,,,,
2346,103,2020,5,15,Ritchie Bay,16,chum,62,10,2,,2,,,,,,,,,,,,,,,,,,,,,,,,,
2347,103,2020,5,15,Ritchie Bay,17,chum,68,12,2,2,,,,,,,,,,,,,,,,,,,,1,,,,,,
2348,103,2020,5,15,Ritchie Bay,18,chum,72,12,1,,,,,,,,,,,,,,,,,,,,,,,,,,,
2349,103,2020,5,15,Ritchie Bay,19,chum,81,14,,1,2,,,,,,,,1,,,,,1,,,,,,,,1,,,,
2350,103,2020,5,15,Ritchie Bay,20,chum,70,12,6,,3,2,,,,,1,,,,,,,3,,,,,,,,,,1,,
2351,103,2020,5,15,Ritchie Bay,21,chum,66,12,11,3,,,,,,,,,,,,,,2,,,,,,1,,,,1,,
2352,103,2020,5,15,Ritchie Bay,22,chum,70,12,,,1,1,1,,,,2,,,,,,,1,,,,,,1,,1,,,,
2353,103,2020,5,15,Ritchie Bay,23,chum,72,10,2,1,1,1,,,,,1,,,,,,,2,,,,,,,,,,,,
2354,103,2020,5,15,Ritchie Bay,24,chum,68,11,1,2,1,,,,,,1,,1,,,,,,,,,,1,,,1,,,,
2355,103,2020,5,15,Ritchie Bay,25,chum,71,12,6,2,1,,1,,,,,,,,,,,,,,,,,,,1,,,,
2356,103,2020,5,15,Ritchie Bay,26,chum,69,11,1,,,,,,,,,,,,,,,,,,,,,,,,,,,
2357,103,2020,5,15,Ritchie Bay,27,chum,71,12,,,,,,,,,1,,,,,,,,,,1,,,1,,1,,,,Lower jaw
2358,103,2020,5,15,Ritchie Bay,28,chum,62,11,1,,3,1,,,,,1,,,,,,,,1,,,,,,,1,,1,,scarred flank; fish
2359,103,2020,5,15,Ritchie Bay,29,chum,79,14,2,1,1,,2,1,,,,,,,,,,1,,,,1,,1,,1,,,,
2360,103,2020,5,15,Ritchie Bay,30,chum,66,10,1,,,,1,,,,,,,,,,,,,,,,,,,,,,,
2361,103,2020,5,15,Ritchie Bay,31,chum,70,12,,1,,1,,,,,,1,,,,,,1,,,,,1,,,1,1,,,
2362,103,2020,5,15,Ritchie Bay,32,chum,56,9,1,5,,,,,,,,,,,,,,3,,,,,,1,,,,,,
2363,103,2020,5,15,Ritchie Bay,33,chum,76,13,2,1,4,1,1,,,,,,,,,,,2,,,,,,,,,,,,
2364,103,2020,5,15,Ritchie Bay,34,chum,72,13,,1,2,1,,,,,,,,,,,,1,,,,,,,,1,,1,,
2365,103,2020,5,15,Ritchie Bay,35,chum,72,12,,1,1,1,,,,,,,,,,,,,1,,,,,,,,,,,bird x3
2366,103,2020,5,15,Ritchie Bay,36,chum,60,10,1,1,,,,,,,,,,,,,,1,,,,,,,,,,,,
2367,103,2020,5,15,Ritchie Bay,37,chum,68,10,3,,3,,,,,,,,,,,,,1,,,,,,,,1,,,,
2368,103,2020,5,15,Ritchie Bay,38,chum,73,11,1,2,1,,,,,,,,,,,,,1,,,1,,,,,1,,,,lower jaw
2369,103,2020,5,15,Ritchie Bay,39,chum,65,10,1,3,4,,,,,,,1,,,,,,2,,,,,,,,,,1,,
2370,103,2020,5,15,Ritchie Bay,40,chum,70,10,2,,,,,,,,1,,,,,,,,,,,,,,,1,,,,
2371,103,2020,5,15,Ritchie Bay,41,chum,64,11,,,,,,,,,,,,,,,,,,,,,,,,,,,,
2372,103,2020,5,15,Ritchie Bay,42,chum,76,13,3,,2,1,,,,,1,,,,,,,,,,,,,,,1,,,,
2373,103,2020,5,15,Ritchie Bay,43,chum,68,12,1,,2,,,,,,,,,,,,,2,,,1,,,,,1,,,,CS
2374,103,2020,5,15,Ritchie Bay,44,chum,72,12,2,,,,,,,,,,,,,,,,,,,,,,,1,,,,
2375,103,2020,5,15,Ritchie Bay,45,chum,63,10,1,,2,,,,,,1,,,,,,,,,,,,,,,,,,,
2376,103,2020,5,15,Ritchie Bay,46,chum,71,12,1,,1,,,,,,,,,,,,,,,,,,,,,,,,,
2377,103,2020,5,15,Ritchie Bay,47,chum,70,12,2,2,1,,1,,,,1,,,,,,,1,,,1,,,,,,,,,CS
2378,103,2020,5,15,Ritchie Bay,48,chum,60,10,9,1,,1,,,,,,,,,,,,,,,,,1,1,,,,,,
2379,103,2020,5,15,Ritchie Bay,49,chum,68,11,2,1,1,,,,,,1,1,,,,,,1,,,,,1,,,,,,,
2380,103,2020,5,15,Ritchie Bay,50,chum,70,11,2,1,2,,,,,,1,,,,,,,1,,,1,,,,,1,,1,,operculum
2381,104,2020,5,15,North Meares,1,chum,59,9,,,1,,,,,,,,,,,,,,,,,,,,,,,,,
2382,104,2020,5,15,North Meares,2,chum,64,10,1,,,,,,,,,,,,,,,,,,,,,,,,,,,
2383,104,2020,5,15,North Meares,3,chum,62,11,,1,,,,,,,,,,,,,,,,,,,,,,,,,,
2384,104,2020,5,15,North Meares,4,chum,49,9,4,1,,,,,,,,,,,,,,,,,,,,,,,,,,
2385,104,2020,5,15,North Meares,5,chum,48,7,,,,,,,,,,,,,,,,,,,,,,,,,,,,
2386,104,2020,5,15,North Meares,6,chum,66,9,,,1,,,,,,,,,,,,,,,,,,,,,,,1,,
2387,104,2020,5,15,North Meares,7,chum,52,9,,1,1,,,,,,,,,,,,,1,,,,,,,,,,,,
2388,104,2020,5,15,North Meares,8,chum,56,9,1,,2,,,,,,,,,,,,,2,,,,,,,,,,,,
2389,104,2020,5,15,North Meares,9,pink,58,9,,,,1,,,,,,,,,,,,,,1,,,,,,,,,,
2390,104,2020,5,15,North Meares,10,chum,50,9,,,2,,,,,,,1,,,,,,2,,,,,,,1,,,,,
2391,104,2020,5,15,North Meares,11,chum,50,8,1,,2,,,,,,,,,,,,,,,,,,,,,,,,,
2392,104,2020,5,15,North Meares,12,chum,48,8,1,,,,,,,,,,,,,,,,,,,,,,,,,,,
2393,104,2020,5,15,North Meares,13,chum,45,7,1,,,,,,,,,,,,,,,,,,,,,,,,,,,
2394,104,2020,5,15,North Meares,14,chum,64,9,,,3,1,,,,,,,,,,,,2,,,,,,1,,1,,,,
2395,104,2020,5,15,North Meares,15,chum,52,10,2,1,,,,,,,,1,,,,,,,,,,,,1,,,,,,
2396,104,2020,5,15,North Meares,16,chum,69,11,,,,,,,,,,,,,,,,,,,,,,,,,,,,
2397,104,2020,5,15,North Meares,17,chum,57,10,,1,1,,,,,,,,,,,,,1,,,,,,,,,,,,
2398,104,2020,5,15,North Meares,18,chum,47,7,,,,,,,,,,,,,,,,,,,,,,,,,,,,
2399,104,2020,5,15,North Meares,19,chum,66,12,3,,,,,,,,,,,,,,,,,,,,,,,1,,,,
2400,104,2020,5,15,North Meares,20,chum,63,12,2,2,,,,,,,,,,,,,,,,,,,,,,1,,,,
2401,104,2020,5,15,North Meares,21,chum,54,8,,1,,,,,,,,,,,,,,,,,,,,,,,,,,gill parasite
2402,104,2020,5,15,North Meares,22,chum,63,9,,2,,,,,,,,,,,,,,1,,,,,,,,,,,,
2403,104,2020,5,15,North Meares,23,chum,67,12,1,1,1,,,,,,,,,,,,,,,,,,,,,1,,,,
2404,104,2020,5,15,North Meares,24,chum,63,10,1,1,,,,,,,1,,,,,,,,,,,,,,,,,,,
2405,104,2020,5,15,North Meares,25,chum,68,10,,,,,,,,,,,,,,,,,,,,,,,,,,,,
2406,104,2020,5,15,North Meares,26,chum,62,10,,,,,,,,,,,,,,,,,1,,1,,,,,,,,,PS; fish
2407,104,2020,5,15,North Meares,27,chum,59,10,1,1,,,,,,,,,,,,,,,,,,,,,,1,,,,
2408,104,2020,5,15,North Meares,28,chum,59,10,,3,,,,,,,,,,,,,,,,,,,,,,,,,,
2409,104,2020,5,15,North Meares,29,chum,53,8,2,1,,,,,,,,,,,,,,,,,,,,,,,,,,
2410,104,2020,5,15,North Meares,30,chum,47,8,1,,,,,,,,,,,,,,,,,,,,,,,,,,,
2411,104,2020,5,15,North Meares,31,chum,73,12,,1,,,,,,,,,,,,,,,,,,,,,,1,1,,,
2412,104,2020,5,15,North Meares,32,chum,49,9,1,,,,,,,,,,,,,,,,,,,,,,,,,,,
2413,104,2020,5,15,North Meares,33,chum,51,9,1,,,,,,,,,,,,,,,,,,,,,,,,,,,
2414,104,2020,5,15,North Meares,34,chum,60,10,3,1,,1,,,,,,,,,,,,,,,,,,,,,1,,,
2415,104,2020,5,15,North Meares,35,chum,51,9,1,,,,,,,,,,,,,,,,,,,,,,,,,,,
2416,104,2020,5,15,North Meares,36,chum,52,9,1,,2,,,,,,,,,,,,,2,,,,,,,,,,,,
2417,104,2020,5,15,North Meares,37,chum,57,7,1,,,,,,,,,,,,,,,,,,,,,,,,,,,
2418,104,2020,5,15,North Meares,38,chum,47,8,1,,2,,,,,,,,,,,,,2,,,,,,,,,,,,
2419,104,2020,5,15,North Meares,39,chum,59,10,,,,,,,,,,,,,,,,,,,,,,1,,,,,,
2420,104,2020,5,15,North Meares,40,chum,56,10,1,,1,,,,,,,,,,,,,,,,,,,,,,,,,
2421,104,2020,5,15,North Meares,41,chum,52,8,1,,,,,,,,,,,,,,,,,,,,,,,,,,,
2422,104,2020,5,15,North Meares,42,chum,54,9,1,,,,,,,,,,,,,,,,,,,,,,,,,,,
2423,104,2020,5,15,North Meares,43,chum,43,9,3,,,,,,,,1,,,,,,,,,,,,,,,,,,,
2424,104,2020,5,15,North Meares,44,chum,54,8,,,1,,,,,,,,,,,,,,,,,,,,,,,,,
2425,104,2020,5,15,North Meares,45,chum,59,11,4,2,1,,,,,,,,,,,,,1,,,,,,,,,1,,,
2426,104,2020,5,15,North Meares,46,chum,61,10,,1,1,,,,,,,,,,,,,,,,,,,,,1,,,,
2427,104,2020,5,15,North Meares,47,chum,55,9,1,,,,,,,,,,,,,,,,,,,,,,,,,,,
2428,104,2020,5,15,North Meares,48,chum,49,8,3,,,,,,,,,,,,,,,,,,,,,,,,,,,
2429,104,2020,5,15,North Meares,49,chum,46,8,1,,,,,,,,,,,,,,,,,,,,,,,,,,,
2430,104,2020,5,15,North Meares,50,chum,51,9,,1,,,,,,,,,,,,,,,,,,,,,,,,,,
2431,105,2020,5,15,Cypre River,1,chinook,43,7,5,1,,,,,,,,,,,,,,,,,,,,,,,,,,
2432,105,2020,5,15,Cypre River,2,chinook,47,9,2,,,,,,,,,,,,,,,,,,,,,,,,,,,
2433,105,2020,5,15,Cypre River,3,chinook,51,9,10,,,,,,,,,,,,,,,,,,,,,,,,,,,
2434,105,2020,5,15,Cypre River,4,chinook,50,9,1,1,,,,,,,,,,,,,,,,,,,,,,,,,,
2435,105,2020,5,15,Cypre River,5,chinook,53,10,11,,,,,,,,,,,,,,,,,,,,,,,,,,,
2436,105,2020,5,15,Cypre River,6,chinook,57,11,7,2,,,,,,,,,,,,,,2,,,,,,,,,,,,
2437,105,2020,5,15,Cypre River,7,chinook,47,8,1,,,,,,,,,,,,,,,,,,,,,,,,1,,,
2438,105,2020,5,15,Cypre River,8,chinook,49,9,1,,,,,,,,,,,,,,,,,,,,,,,,,,,
2439,105,2020,5,15,Cypre River,9,chinook,49,8,1,,,,,,,,,,,,,,,,,,,,,,,,,,,
2440,105,2020,5,15,Cypre River,10,chinook,51,10,1,,,,,,,,,,,,,,,,,,,,,,,,,,,
2441,105,2020,5,15,Cypre River,11,chinook,49,10,3,,,,,,,,,1,,,,,,,,,,,,,,,,,,
2442,105,2020,5,15,Cypre River,12,chinook,46,7,1,,,,,,,,,,,,,,,,,,,,,,,,1,,,
2443,105,2020,5,15,Cypre River,13,chinook,49,8,,,,,,,,,,,,,,,,,,,,,,,,,,,,
2444,105,2020,5,15,Cypre River,14,chinook,52,10,7,,,,,,,,1,,,,,,,,,,,,,,,,1,,,
2445,105,2020,5,15,Cypre River,15,chinook,52,10,4,,,,,,,,,,,,,,,,,,,,,,,,,,,
2446,105,2020,5,15,Cypre River,16,chinook,50,9,4,,,,,,,,,,,,,,,,,,,,,,,,1,,,
2447,105,2020,5,15,Cypre River,17,chinook,48,8,2,1,,,,,,,,,,,,,,1,,,,,,,,,,,,
2448,105,2020,5,15,Cypre River,18,chinook,48,8,1,,,,,,,,,,,,,,,,,,,,,,,,1,,,
2449,105,2020,5,15,Cypre River,19,chinook,46,8,2,,,,,,,,,,,,,,,,,,,,,,,,,,,
2450,105,2020,5,15,Cypre River,20,chinook,47,8,2,,,,,,,,,,,,,,,,,,,,,,,,1,,,
2451,105,2020,5,15,Cypre River,21,chinook,46,9,1,,,,,,,,,,,,,,,,,,,,,,,,,,,
2452,105,2020,5,15,Cypre River,22,chinook,59,12,2,,,,,,,,,,,,,,,,,,,,,,,1,,,,
2453,105,2020,5,15,Cypre River,23,chum,72,12,,1,,,,,,,,,,,,,,,,,,,,,,1,,,,
2454,105,2020,5,15,Cypre River,24,chum,59,9,1,1,,,,,,,,,,,,,,,,,,,,,,,,,,
2455,105,2020,5,15,Cypre River,25,chum,73,12,1,,2,,,,,,,,,,,,,1,,,,,,,,1,,,,
2456,105,2020,5,15,Cypre River,26,chum,70,11,,,,,,,,,,,,,,,,,,,,,,,,1,,,,
2457,105,2020,5,15,Cypre River,27,chum,61,10,1,,1,,,,,,,,,,,,,1,,,,,,1,,1,,,,
2458,105,2020,5,15,Cypre River,28,coho,88,16,,,,,,,,,,,,,,,,,,,,,,,,1,,,,
2459,106,2020,5,23,Cypre River,1,coho,71,18,1,2,,,,,,,1,,,,,,,1,,,,,,,,1,,,,
2460,106,2020,5,23,Cypre River,2,coho,66,18,1,2,,,1,,,,,,,,,,,,,,,,,,,1,,,,
2461,106,2020,5,23,Cypre River,3,coho,95,18,3,1,,,,,,,,,,,,,,,,,,,,,,1,,,,
2462,106,2020,5,23,Cypre River,4,coho,82,16,,,,,,,,,4,,,,,,,,,,,,,,,1,,,,
2463,106,2020,5,23,Cypre River,5,coho,83,16,3,,,,,,,,,,,,,,,,,,,,,,,1,,,,
2464,106,2020,5,23,Cypre River,6,coho,93,16,1,,,,,,,,,,,,,,,,,,,,,,,1,,,,
2465,106,2020,5,23,Cypre River,7,chinook,55,11,1,2,,,,,,,,,,,,,,1,,,,,,,,,,,,
2466,106,2020,5,23,Cypre River,8,chinook,54,11,,,,,,,,,,,,,,,,,,,,,,,,,,,,
2467,106,2020,5,23,Cypre River,9,chinook,52,10,2,2,,,,,,,,,,,,,,,,,,,,,,,,,,
2468,106,2020,5,23,Cypre River,10,chinook,51,9,4,2,,,,,,,,,,,,,,,,,,,,,,,,,,
2469,106,2020,5,23,Cypre River,11,chinook,51,10,1,,,,,,,,,,,,,,,,,,,,,,,,,,,
2470,106,2020,5,23,Cypre River,12,chinook,49,9,,,,,,,,,,,,,,,,,,,,,,,,,,,,
2471,106,2020,5,23,Cypre River,13,chinook,49,9,2,1,,,,,,,,,,,,,,,,,,,,,,,,,,
2472,106,2020,5,23,Cypre River,14,chinook,54,10,2,1,1,,,,,,1,,,,,,,2,,,,,,,,,,,,
2473,106,2020,5,23,Cypre River,15,chinook,54,10,,8,,,,,,,,,,,,,,,,,,,,,,,,,,
2474,106,2020,5,23,Cypre River,16,chinook,54,10,3,2,,,,,,,,,,,,,,,,,,,,,,,,,,
2475,106,2020,5,23,Cypre River,17,chinook,59,11,6,5,,,,,,,,,,,,,,1,,,,,,,,,,,,
2476,106,2020,5,23,Cypre River,18,chinook,47,8,5,2,,,,,,,,,,,,,,,,,,,,,,,,,,
2477,106,2020,5,23,Cypre River,19,chinook,52,10,3,3,,1,,,,,,,,,,,,,,,,,,,,,,,,
2478,106,2020,5,23,Cypre River,20,chinook,60,11,7,4,,1,,,,,,,,,,,,,,,,,,,,1,,,,
2479,106,2020,5,23,Cypre River,21,chinook,56,10,12,2,,,,,,,,,,,,,,,,,,,,,,,,,,
2480,106,2020,5,23,Cypre River,22,chinook,59,11,7,4,,,,,,,,,,,,,,3,,,,,,,,,,,,
2481,106,2020,5,23,Cypre River,23,chinook,57,11,10,2,,,,,,,,,,,,,,,,,,,,,,,,,,
2482,106,2020,5,23,Cypre River,24,chinook,50,8,3,,,,,,,,,,,,,,,,,,,,,,,,,,,
2483,106,2020,5,23,Cypre River,25,chinook,52,10,,3,,,,,,,,,,,,,,1,,,,,,,,,,,,scarred flank
2484,106,2020,5,23,Cypre River,26,chinook,52,10,12,3,7,,,,,,,,,,,,,2,,,,,,,,,1,1,,
2485,106,2020,5,23,Cypre River,27,chinook,54,10,9,,,,,,,,,,,,,,,,,,,,,,,,,,,
2486,106,2020,5,23,Cypre River,28,chinook,60,12,3,,,,,,,,1,,,,,,,,,,,,,,,,,,,
2487,106,2020,5,23,Cypre River,29,chinook,56,11,3,2,,,,,,,,,,,,,,,,,,,,,,,1,,,
2488,106,2020,5,23,Cypre River,30,chinook,54,11,5,3,,,,,,,,,,,,,,,,,,,,,,,,,,
2489,106,2020,5,23,Cypre River,31,chinook,56,10,2,1,,,,,,,,,,,,,,,,,,,,,,,,,,scarred fank
2490,106,2020,5,23,Cypre River,32,chinook,59,11,7,3,,,,,,,,,,,,,,,,,,,,,,,,,,
2491,106,2020,5,23,Cypre River,33,chinook,52,10,2,1,1,,,,,,1,,,,,,,1,,,,,,,,,,,,
2492,106,2020,5,23,Cypre River,34,chinook,53,10,8,6,,,,,,,,,,,,,,2,,,,,,,,,,,,
2493,106,2020,5,23,Cypre River,35,chinook,56,10,3,2,,,,,,,1,,,,,,,,,,,,,,,,,,,
2494,106,2020,5,23,Cypre River,36,chinook,54,10,1,1,,,,,,,,,,,,,,,,,,,1,,,,,,,
2495,106,2020,5,23,Cypre River,37,chinook,58,12,4,5,,,,,,,,,,,,,,,,,,,,1,,1,,,,
2496,106,2020,5,23,Cypre River,38,chinook,53,10,,2,,,,,,,,,,,,,,,,,,,,1,,,,,,
2497,106,2020,5,23,Cypre River,39,chinook,54,11,5,1,,,,,,,,,,,,,,,,,,,,,,,,,,
2498,106,2020,5,23,Cypre River,40,chinook,48,9,1,1,,,,,,,,,,,,,,,1,,1,,,,,,,,,hem predscar crab
2499,106,2020,5,23,Cypre River,41,chinook,50,9,3,,,,,,,,,,,,,,,,,,,,,,,,,,,
2500,106,2020,5,23,Cypre River,42,chinook,53,9,4,1,,,,,,,,,,,,,,1,,,,,,,,,,,,
2501,106,2020,5,23,Cypre River,43,chum,60,10,5,,,,,,,,,,,,,,,,,,,,,1,,,,,,
2502,106,2020,5,23,Cypre River,44,chum,61,10,3,2,,,,,,,,,,,,,,,,,,,,1,,1,,,,
2503,106,2020,5,23,Cypre River,45,chum,58,11,2,2,,,,,,,1,,,,,,,,,,,,,,,,,,,
2504,106,2020,5,23,Cypre River,46,chum,59,9,10,,,,,,,,1,,,,,,,,,,,,,,,,,,,
2505,106,2020,5,23,Cypre River,47,chum,66,11,4,1,1,,,,,,,,,,,,,,,,,,,,,1,,,,
2506,106,2020,5,23,Cypre River,48,chum,64,11,2,2,,,,,,,,,,,,,,,,,,,,1,,1,1,,,
2507,107,2020,5,23,North Meares,1,chum,59,10,1,2,1,,,,,,,,,,,,,1,,,,,,,,,,,,
2508,107,2020,5,23,North Meares,2,chum,71,13,2,1,,,,,,,,,,,,,,,,,,,,,,1,,,,
2509,107,2020,5,23,North Meares,3,chum,79,12,1,2,2,,,,,,,,,,,,,,,,,,,,,1,,,,
2510,107,2020,5,23,North Meares,4,chum,68,11,1,1,2,1,,,,,,,,,,,,,,,,,,,,,,,,
2511,107,2020,5,23,North Meares,5,chum,71,12,,,,,1,,,,,,,,,,,,,,,,,,,1,,,,
2512,107,2020,5,23,North Meares,6,chum,66,10,2,3,,,,,,,1,,,,,,,,,,,,,1,,1,,,,
2513,107,2020,5,23,North Meares,7,chum,66,10,2,3,,,,,,,,,,,,,,,,,,,,1,,,,1,,
2514,107,2020,5,23,North Meares,8,chum,65,12,8,2,,,,,,,,,,,,,,,,,,,,,,1,,,,
2515,107,2020,5,23,North Meares,9,chum,60,9,4,2,,,,,,,,,,,,,,,,,,,,,,1,,,,
2516,107,2020,5,23,North Meares,10,chum,61,10,,1,2,,,,,,,,,,,,,,,,,,,1,,1,,,,
2517,107,2020,5,23,North Meares,11,chum,62,10,6,2,1,,,,,,,,,,,,,,,,,,,,,1,,,,
2518,107,2020,5,23,North Meares,12,chum,57,9,9,6,2,1,,,,,,,,,,,,,,,,,,,,,,,,
2519,107,2020,5,23,North Meares,13,chum,67,11,4,2,1,,,,,,,,,,,,,,,,,,,,,1,,,,
2520,107,2020,5,23,North Meares,14,chum,66,11,3,3,1,,,,,,,,,,,,,,,,,,,,,1,,,,
2521,107,2020,5,23,North Meares,15,chum,73,12,1,1,1,,,,,,,,,,,,,,,,,,,,,1,,,,
2522,107,2020,5,23,North Meares,16,chum,69,12,3,1,1,1,,,,,,,,,,,,,,,,,,,,1,,,,
2523,107,2020,5,23,North Meares,17,chum,67,11,3,3,1,,,,,,,,,,,,,,,,,,,,,1,,,,
2524,107,2020,5,23,North Meares,18,chum,60,9,3,1,,,,,,,,,,,,,,,,,,,1,,,,,,,
2525,107,2020,5,23,North Meares,19,chum,73,13,7,6,3,,,,,,1,,,,,,,,,,1,,,,,1,,,,cdf
2526,107,2020,5,23,North Meares,20,chum,58,10,9,3,,1,1,,,,,,,,,,,,,,1,,,1,,1,,1,,lj
2527,107,2020,5,23,North Meares,21,chum,64,10,4,3,4,,,,,,,,,,,,,,,,,,,,,1,,,,
2528,107,2020,5,23,North Meares,22,chum,60,10,6,4,1,1,,,,,,,,,,,,,,,,,,,,1,,,,
2529,107,2020,5,23,North Meares,23,chum,58,9,2,3,1,,,,,,,,,,,,,,,,,,,,,,,,,
2530,107,2020,5,23,North Meares,24,chum,70,11,,4,1,,,,,,,,,,,,,,,,,,,,,1,,,,
2531,107,2020,5,23,North Meares,25,chum,68,12,2,1,1,,,,,,,,,,,,,1,,,,,,,,,,,,
2532,107,2020,5,23,North Meares,26,chum,78,13,1,3,1,,,,,,,,,,,,,1,,,,,,,,1,,,,
2533,107,2020,5,23,North Meares,27,chum,64,11,3,,,,,,,,,,,,,,,,,,,,,,,,,,,
2534,107,2020,5,23,North Meares,28,chum,67,10,7,2,1,,,,,,,,,,,,,,,,,,,,,1,,,,
2535,107,2020,5,23,North Meares,29,chum,66,11,,,,,,,,,,,,,,,,,,,1,,,,,1,,,,lj
2536,107,2020,5,23,North Meares,30,chum,65,11,5,3,1,,,,,,,,,,,,,1,,,,,,,,1,,,,
2537,107,2020,5,23,North Meares,31,chum,62,10,4,,1,1,1,,,,,,,,,,,,,,,,,,,,,,,
2538,107,2020,5,23,North Meares,32,chum,70,12,,4,1,,,,,,,,,,,,,,,,,,,,,1,1,,,
2539,107,2020,5,23,North Meares,33,chum,74,13,2,3,,,,,,,,,,,,,,1,,,,,,,,,,,,
2540,107,2020,5,23,North Meares,34,chum,64,11,3,4,2,,,,,,1,,,,,,,1,,,,,,,,1,,,,
2541,107,2020,5,23,North Meares,35,chum,64,11,4,2,1,,,,,,,,,,,,,,,,,,,,,1,,,,
2542,107,2020,5,23,North Meares,36,chum,66,12,1,1,,,,,,,,,,,,,,,,,,,,1,,1,,,,
2543,107,2020,5,23,North Meares,37,chum,63,10,2,2,,,,,,,,,,,,,,,,,,,1,,,,,,,
2544,107,2020,5,23,North Meares,38,chum,62,10,13,6,4,1,,,,,,,,,,,,1,,,,,,1,,1,,1,,
2545,107,2020,5,23,North Meares,39,chum,66,12,2,1,,,,,,,,,,,,,,,,,,,,,,1,,,,
2546,107,2020,5,23,North Meares,40,chum,68,10,1,3,,,,,,,1,,,,,,,,,,,,,,,1,,,,
2547,107,2020,5,23,North Meares,41,chum,67,11,6,3,1,,,,,,,,,,,,,,,,,,,1,,1,,,,
2548,107,2020,5,23,North Meares,42,chum,67,11,1,,,,,,,,,,,,,,,,,,,,,,,1,,,,
2549,107,2020,5,23,North Meares,43,chum,67,11,2,1,,,,,,,1,,,,,,,,,,,,,1,,1,,,,
2550,107,2020,5,23,North Meares,44,chum,70,11,5,3,1,,,,,,,,,,,,,,,,,,,,,1,,,,
2551,107,2020,5,23,North Meares,45,chum,50,8,6,8,1,,1,,,,1,,,,,,,5,,,,,,1,,,,,,
2552,107,2020,5,23,North Meares,46,chum,68,10,4,4,2,2,,,,,,,,,,,,,,,,,1,1,,1,,,,
2553,107,2020,5,23,North Meares,47,chum,64,10,,1,,,,,,,,,,,,,,,,,,,,,,1,,,,
2554,107,2020,5,23,North Meares,48,chum,66,10,,3,1,,,,,,1,,,,,,,,,,,,,,,1,,,,
2555,107,2020,5,23,North Meares,49,chum,62,9,2,2,1,,,,,,,,,,,,,1,,,,,,,,1,,,,
2556,107,2020,5,23,North Meares,50,chum,75,13,5,1,,,,,,,,,,,,,,,,,,,1,,,1,,,,
2557,108,2020,5,23,Ritchie Bay,1,chum,64,11,,7,2,,,,,,,,,,,,,2,,,,,,,,1,,,,
2558,108,2020,5,23,Ritchie Bay,2,chum,72,13,,7,4,,,,,,1,,,,,,,4,,,,,,,,1,,,,scarred flank
2559,108,2020,5,23,Ritchie Bay,3,chum,72,12,,5,4,,1,,,,1,,,,,,,,,,,,,,,1,,,,
2560,108,2020,5,23,Ritchie Bay,4,chum,66,11,1,,1,,,,,,,,,,,,,,,,,,,,,1,,,,
2561,108,2020,5,23,Ritchie Bay,5,chum,68,12,2,2,1,,,,,,1,,,,,,,1,,,,,,,,1,,,,
2562,108,2020,5,23,Ritchie Bay,6,chum,73,11,1,2,2,,,,,,1,,,,,,,,,,,,,,,1,,,,
2563,108,2020,5,23,Ritchie Bay,7,chum,70,12,,,2,1,,,,,,,,,,,,,,,,,,,,1,,,,
2564,108,2020,5,23,Ritchie Bay,8,chum,76,11,,5,4,,,,,,,,,,,,,,,,,,,1,,1,,1,,
2565,108,2020,5,23,Ritchie Bay,9,chum,65,11,5,4,1,,,,,,1,,,,,,,1,,,,,,,,1,,,,
2566,108,2020,5,23,Ritchie Bay,10,chum,71,11,,2,1,,,,,,,,,,,,,,,,,,,,,1,1,,,
2567,108,2020,5,23,Ritchie Bay,11,chum,62,10,2,3,1,,,,,,,,,,,,,,,,,,,,,,,,,
2568,108,2020,5,23,Ritchie Bay,12,chum,72,13,4,4,3,1,,,,,1,1,,,,,,,,,,,,,,,1,,,
2569,108,2020,5,23,Ritchie Bay,13,chum,69,12,1,6,4,,,,,,,,,,,,,3,,,,,,1,,1,,1,,
2570,108,2020,5,23,Ritchie Bay,14,chum,58,10,1,5,2,,,,,,1,,,,,,,2,,,,,,1,,,,1,,
2571,108,2020,5,23,Ritchie Bay,15,chum,72,12,,2,2,,,,,,,,,,,,,,,,,,,,,1,,,,
2572,109,2020,5,30,Ritchie Bay,1,chum,75,13,5,1,1,1,,,,,,,,,,,,1,,,,,,1,,1,,,,
2573,109,2020,5,30,Ritchie Bay,2,chum,77,12,3,1,4,2,,,,,,1,,,,,,,,,,,,,,1,,,,
2574,109,2020,5,30,Ritchie Bay,3,chum,59,11,6,,2,1,,,,,,,,,,,,1,,,,,,1,,1,,,,
2575,109,2020,5,30,Ritchie Bay,4,chum,75,11,3,3,1,2,,,,,,,,,,,,,,,,,,1,,1,,,,
2576,109,2020,5,30,Ritchie Bay,5,chum,72,11,3,4,1,,,,,,,,,,,,,,,,,,,1,,1,,,,
2577,109,2020,5,30,Ritchie Bay,6,chum,73,12,2,6,,,,,,,,,,,,,,,,,1,,,,,1,,,,ANF
2578,109,2020,5,30,Ritchie Bay,7,chum,71,10,2,,,1,1,,,,,,,,,,,,,,,,,1,,1,,,,
2579,109,2020,5,30,Ritchie Bay,8,chum,77,11,2,3,4,3,3,,,,,,,,,,,3,,,1,,,,,1,,1,,operc.
2580,109,2020,5,30,Ritchie Bay,9,chum,72,10,2,2,4,,,,,,,,,,,,,,,,,,,,,1,,,,
2581,110,2020,5,30,North Meares,1,chum,63,9,3,2,3,,1,,,,,,,,,,,,,,,,,1,,1,,,,
2582,110,2020,5,30,North Meares,2,chum,58,10,2,12,5,,,,,,,,,,,,,4,,,,1,,,,,,,,
2583,110,2020,5,30,North Meares,3,chum,55,9,1,2,1,1,,,,,,,,,,,,1,,,,,,,,1,,,,
2584,110,2020,5,30,North Meares,4,chum,67,11,5,5,3,2,,,,,,,,,,,,2,,,,,,,,1,,1,,
2585,110,2020,5,30,North Meares,5,chum,61,8,1,8,,,,,,,,,,,,,,1,,,,,,,,,,,,
2586,110,2020,5,30,North Meares,6,chum,67,10,1,7,2,,,,,,,,,,,,,,,,,,1,,,1,,,,
2587,110,2020,5,30,North Meares,7,chum,62,10,3,7,2,,,,,,,,,,,,,1,,,,,,,,1,,,,
2588,110,2020,5,30,North Meares,8,chum,61,11,1,4,3,2,,,,,,,,,,,,,,,,,,1,,1,,,,
2589,110,2020,5,30,North Meares,9,chum,64,10,,4,5,1,,,,,,,,,,,,,,,,,,1,,1,,,,torn CDF
2590,110,2020,5,30,North Meares,10,chum,57,9,,5,3,,,,,,,,,,,,,1,1,,1,,1,1,,1,,,,fish; PS
2591,111,2020,5,30,Cypre River,1,chum,68,11,,2,2,1,1,,,,,,,,,,,1,,,,,,,,1,,,,
2592,111,2020,5,30,Cypre River,2,chinook,66,13,2,2,,,,,,,,,,,,,,,,,,,,,,1,,,,
2593,111,2020,5,30,Cypre River,3,chinook,66,11,,,,,,,,,,,,,,,,,,,,,,,,1,,,,
2594,111,2020,5,30,Cypre River,4,chinook,60,11,7,2,,,,,,,,,,,,,,,,,,,,,,,,,,
2595,111,2020,5,30,Cypre River,5,chinook,61,11,,,,,,,,,,,,,,,,,,,,,,,,,,,,
2596,111,2020,5,30,Cypre River,6,chinook,53,11,,7,1,,,,,,,,,,,,,1,,,,,,,,,,,,
2597,111,2020,5,30,Cypre River,7,chinook,55,10,,4,1,,,,,,,,,,,,,,,,,,,,,1,,,,
2598,111,2020,5,30,Cypre River,8,chinook,54,10,4,5,2,,,,,,,,,,,,,,,,,,,,,1,,,,gill parasite
2599,111,2020,5,30,Cypre River,9,chinook,56,12,2,3,,,,,,,,,,,,,,,,,,,,,,,,,,
2600,111,2020,5,30,Cypre River,10,chinook,58,11,6,,,,,,,,,,,,,,,,,,,,,,,,,1,,
2601,111,2020,5,30,Cypre River,11,chinook,57,12,4,4,1,,,,,,,,,,,,,,,,,,,,,1,,,,
2602,111,2020,5,30,Cypre River,12,chinook,58,12,,1,,,,,,,,,,,,,,,,,,,,,,1,,,,
2603,111,2020,5,30,Cypre River,13,chinook,56,10,2,5,1,,,,,,,,,,,,,2,,,,,,,,,,,,
2604,111,2020,5,30,Cypre River,14,chinook,54,11,3,3,1,,,,,,,,,,,,,1,,,,,,,,1,,,,
2605,111,2020,5,30,Cypre River,15,chinook,61,13,1,6,,,,,,,1,,,,,,,1,,,,,,,,1,,,,
2606,111,2020,5,30,Cypre River,16,chinook,61,10,3,3,,,,,,,,,,,,,,,,,,,,,,1,,,,
2607,111,2020,5,30,Cypre River,17,chinook,54,11,1,,,,,,,,,,,,,,,,,,,,,,,,,,,
2608,111,2020,5,30,Cypre River,18,chinook,52,10,3,3,,,,,,,,,,,,,,1,,,,,,,,1,,,,
2609,112,2020,6,5,Ritchie Bay,1,chum,75,12,1,8,3,,1,,,,,,,,,,,,,,,,,1,,1,,,,
2610,112,2020,6,5,Ritchie Bay,2,chum,80,12,7,8,6,1,,,,,,,,,,,,,,,,,1,,,1,,,,
2611,112,2020,6,5,Ritchie Bay,3,chum,85,14,14,29,13,4,5,,,,,,,,,,,3,,1,,,,,,,1,,,
2612,112,2020,6,5,Ritchie Bay,4,chum,76,10,9,18,10,7,2,,,,,,,,,,,,,,,,1,,,1,,,,
2613,112,2020,6,5,Ritchie Bay,5,chum,80,12,3,6,6,1,,,,,,,,,,,,,,,,,,,,1,,,,
2614,112,2020,6,5,Ritchie Bay,6,chum,75,12,7,11,6,2,6,,,,,,,,,,,,,,,,,,,,1,1,,
2615,112,2020,6,5,Ritchie Bay,7,chum,84,14,1,4,1,,,,,,,,,,,,,,,,1,,,,,1,,,,H-Below Pec Fin
2616,113,2020,6,5,Cypre River,1,chinook,64,12,1,1,,,,,,,,,,,,,,,,,,,,,,1,,,,
2617,113,2020,6,5,Cypre River,2,chinook,72,12,2,,,,,,,,,,,,,,,,,,,,,,,1,1,,,
2618,113,2020,6,5,Cypre River,3,chinook,64,12,,,,,,,,,,,,,,,,,,,,,1,,,1,,,,
2619,113,2020,6,5,Cypre River,4,chinook,60,11,1,1,2,,,,,,,,,,,,,,,,,,,,,1,,,,
2620,113,2020,6,5,Cypre River,5,chinook,58,10,,,,,,,,,,,,,,,,,,,,,,,,1,1,,,
2621,113,2020,6,5,Cypre River,6,chinook,58,11,3,2,2,,,,,,,,,,,,,1,,,,,,,,1,1,,,
2622,113,2020,6,5,Cypre River,7,chinook,60,12,1,,,,,,,,,,,,,,,,,,,,,,,,,,,
2623,113,2020,6,5,Cypre River,8,chinook,53,9,3,,,,,,,,,,,,,,,,,,,,,1,,1,,,1,
2624,113,2020,6,5,Cypre River,9,chinook,60,11,,,,,,,,,,,,,,,,,,,,,,,,1,,,,
2625,113,2020,6,5,Cypre River,10,chinook,60,11,,,,,,,,,,,,,,,,,,,,,,,,1,1,,,
2626,113,2020,6,5,Cypre River,11,chinook,60,11,,,,,,,,,,,,,,,,,,,,,,,,1,1,,,
2627,113,2020,6,5,Cypre River,12,chinook,60,10,,,,,,,,,,,,,,,,,,,,,,1,,1,1,,,
2628,113,2020,6,5,Cypre River,13,chinook,52,10,1,2,,,,,,,,,,,,,,,,,,,,,,,,,,
2629,113,2020,6,5,Cypre River,14,chinook,52,10,,3,2,,,,,,,,,,,,,1,,,,,,1,,1,,,,
2630,113,2020,6,5,Cypre River,15,chinook,65,12,,2,,,,,,,,,,,,,,,,,,,,,,1,1,,,
2631,113,2020,6,5,Cypre River,16,chinook,55,12,,2,,,,,,,,,,,,,,,,,,,,,,,,,,
2632,113,2020,6,5,Cypre River,17,chinook,55,10,,,,,,,,,,,,,,,,,,,1,,,1,,1,1,,,H-Flank
2633,113,2020,6,5,Cypre River,18,chinook,50,10,,,,,,,,,,,,,,,,,,,,,,,,1,,,,
2634,113,2020,6,5,Cypre River,19,chinook,68,12,,1,,,,,,,,,,,,,,,,,,,,,,1,,,,
2635,113,2020,6,5,Cypre River,20,chinook,60,11,,1,,,,,,,,,,,,,,,,,,,,,,1,,,,
2636,113,2020,6,5,Cypre River,21,chinook,64,12,2,,,,,,,,,,,,,,,,,,,,1,,,1,,,,
2637,113,2020,6,5,Cypre River,22,chinook,62,10,,,,,,,,,,,,,,,,,,,,,,,,1,,,,
2638,113,2020,6,5,Cypre River,23,chinook,55,12,1,2,,,,,,,,,,,,,,,,,,,,,,,1,,,
2639,113,2020,6,5,Cypre River,24,chinook,65,14,,,,,,,,,,,,,,,,,,,,,,,,,1,,,
2640,113,2020,6,5,Cypre River,25,chinook,60,10,1,,,,,,,,,,,,,,,,,,,,,,,,,,,
2641,113,2020,6,5,Cypre River,26,chinook,65,12,1,2,,,,,,,,,,,,,,,,,,,,,,,,,,
2642,113,2020,6,5,Cypre River,27,chinook,65,13,,,2,,,,,,,,,,,,,,,,,,,,,1,1,,,
2643,113,2020,6,5,Cypre River,28,chinook,62,12,6,17,,,,,,,,,,,,,,,,,,,,,,1,1,,,
2644,113,2020,6,5,Cypre River,29,chinook,74,12,5,,,,,,,,,,,,,,,,,,,,,,,1,,,,
2645,113,2020,6,5,Cypre River,30,chinook,55,10,2,1,1,,,,,,,,,,,,,,,,,,,,,1,1,,,
2646,113,2020,6,5,Cypre River,31,chinook,60,8,,,,,,,,,,,,,,,,,,,,,,,,1,,,,
2647,113,2020,6,5,Cypre River,32,chinook,55,11,2,,,,,,,,,,,,,,,,,,,,,,,1,,,,
2648,114,2020,6,12,Ritchie Bay,1,chum,80,14,3,1,4,2,,,,,,,,,,,,,,,,,,,,1,1,,,
2649,115,2020,6,12,North Meares,1,chum,80,12,3,7,5,5,1,,,,,,,,,,,1,,,,,,,,1,,,,
2650,115,2020,6,12,North Meares,2,chum,78,11,3,11,23,3,,,,,,,,,,,,,,,,,,,,1,1,,,
2651,115,2020,6,12,North Meares,3,chum,82,12,3,9,7,,,,,,,,,,,,,,,,,,,,,1,,1,,
2652,116,2020,6,12,Tsapee Narrows,1,coho,,,,,,,,,,,,,,,,,,,,,,,,,,1,1,,,
2653,116,2020,6,12,Tsapee Narrows,2,coho,,,,,,,,,,,,,,,,,,,,,,,,,,1,,,,
2654,116,2020,6,12,Tsapee Narrows,3,coho,,,,,,,1,,,,,,,,,,,,,,,,,,,1,,,,
2655,116,2020,6,12,Tsapee Narrows,4,coho,,,,,,,,,,,,,,,,,,,,,,,,,,1,,,,
2656,117,2020,6,19,Cypre River,1,chinook,73,12,1,,,,,,,,,,,,,,,,,,,,,,,1,1,,,
2657,117,2020,6,19,Cypre River,2,chinook,68,12,1,,,,,,,,,,,,,,,,,,,,,,,1,1,,,
2658,117,2020,6,19,Cypre River,3,chinook,70,11,3,,,,,,,,,,,,,,,,,,,,,,,1,1,,,
2659,117,2020,6,19,Cypre River,4,chinook,79,15,4,,,,,,,,,,,,,,,,,,,,1,,,1,1,,,2 erroded gills
2660,117,2020,6,19,Cypre River,5,chinook,74,12,,,,,,,,,,,,,,,,,,,,,,,,1,1,,,
2661,117,2020,6,19,Cypre River,6,chinook,66,10,,1,,,,,,,,,,,,,,,,,,,,,,1,,,,
2662,117,2020,6,19,Cypre River,7,chinook,58,9,,,,,,,,,,,,,,,,,,,1,,,,,1,,,,H-belly
2663,117,2020,6,19,Cypre River,8,chinook,65,9,,,,,,,,,,,,,,,,,,,,,,,,1,1,,,
2664,117,2020,6,19,Cypre River,9,chinook,66,11,,2,,,,,,,,,,,,,,,,,,,,,,1,1,,,
2665,117,2020,6,19,Cypre River,10,chinook,68,12,,,,,,,,,,,,,,,,,,,,,,,,1,,,,
2666,117,2020,6,19,Cypre River,11,chinook,65,11,,,,,,,,,,,,,,,,,,,,,,,,1,1,,,
2667,117,2020,6,19,Cypre River,12,chinook,70,12,,,,,,,,,,,,,,,,,,,,,,,,1,,,1,
2668,117,2020,6,19,Cypre River,13,chinook,65,10,,,,,,,,,,,,,,,,,,,,,,,,1,1,,,
2669,117,2020,6,19,Cypre River,14,chinook,64,11,2,1,,,,,,,,,,,,,,,,,,,,,,1,,,,
2670,117,2020,6,19,Cypre River,15,chinook,72,13,,,,,,,,,,,,,,,,,,,,,,,,1,1,,,
2671,117,2020,6,19,Cypre River,16,chinook,74,14,,,,,,,,,,,,,,,,,,,,,,,,1,1,,,
2672,117,2020,6,19,Cypre River,17,chinook,74,14,7,1,,,,,,,,,,,,,,,,,,,,,,1,1,,,
2673,117,2020,6,19,Cypre River,18,chinook,72,12,,,,,,,,,,,,,,,,,,,,,,,,1,,,,
2674,117,2020,6,19,Cypre River,19,chinook,60,9,1,,,,,,,,,,,,,,,,,,,,,,,1,,,,
2675,117,2020,6,19,Cypre River,20,chinook,69,10,1,,,,,,,,,,,,,,,,,,,,,,,1,,,,
2676,117,2020,6,19,Cypre River,21,chinook,57,8,,,,,,,,,,,,,,,,,,,,,,,,1,,,,
2677,117,2020,6,19,Cypre River,22,chinook,70,11,1,,,,,,,,,,,,,,,,,,,,,,,1,,,,
2678,117,2020,6,19,Cypre River,23,chinook,68,12,,,,,,,,,,,,,,,,,,,,,,,,1,,,,
2679,117,2020,6,19,Cypre River,24,chinook,65,11,1,,,,,,,,,,,,,,,,,,,,,,,1,1,,,
2680,117,2020,6,19,Cypre River,25,chinook,68,10,5,5,4,,,,,,,,,,,,,,,,,,,,,1,,,,
2681,117,2020,6,19,Cypre River,26,chinook,64,10,1,1,,,,,,,,,,,,,,,,,,,,,,1,,,,
2682,117,2020,6,19,Cypre River,27,chinook,70,12,1,,,,,,,,,,,,,,,,,,,,,,,1,,,,
2683,117,2020,6,19,Cypre River,28,chinook,72,11,1,,,,,,,,,,,,,,,,,,,,,,,1,1,,,
2684,117,2020,6,19,Cypre River,29,chinook,69,10,,,,,,,,,,,,,,,,,,,,,,,,1,,,,
2685,117,2020,6,19,Cypre River,30,chinook,59,8,,,,,,,,,,,,,,,,,,,,,,,,1,1,,,
2686,117,2020,6,19,Cypre River,31,chinook,62,9,,,,,,,,,,,,,,,,,,,,,,,,1,1,,,
2687,117,2020,6,19,Cypre River,32,chinook,63,10,,,,,,,,,,,,,,,,,,,1,,,,,1,,,,H-eye
2688,117,2020,6,19,Cypre River,33,chinook,66,15,1,1,,,,,,,,,,,,,,,1,,,,,,,1,,,,S-peduncle
2689,117,2020,6,19,Cypre River,34,chinook,62,10,,,,,,,,,,,,,,,,,,,,,,,,1,,,,ripped caudal fin
2690,117,2020,6,19,Cypre River,35,chinook,65,10,1,,,,,,,,,,,,,,,,,,,,,,,1,,,,
2691,117,2020,6,19,Cypre River,36,chinook,67,10,,,,,,,,,,,,,,,,,,,,,,,,1,1,,,
2692,117,2020,6,19,Cypre River,37,chinook,71,12,,,,,,,,,,,,,,,,,,,,,,,,1,,,,
2693,117,2020,6,26,Cypre River,1,chinook,72,14,,,,,,,,,,,,,,,,,,,,,,,,1,,,,
2694,117,2020,6,26,Cypre River,2,chinook,83,16,1,,,,,,,,,,,,,,,,,,,,,,,1,,,,
2695,117,2020,6,26,Cypre River,3,chinook,66,12,,,,,,,,,,,,,,,,,,,,,,,,1,,,,
2696,117,2020,6,26,Cypre River,4,chinook,67,12,1,,,,,,,,,,,,,,,,1,,,,,,,1,,,,scarred flank
2697,117,2020,6,26,Cypre River,5,chinook,78,14,,3,3,,,,,,,,,,,,,,,,,,,,,1,,1,,
2698,117,2020,6,26,Cypre River,6,chinook,63,12,1,,,,,,,,,,,,,,,,,,,,,,,1,,,,
2699,117,2020,6,26,Cypre River,7,chinook,72,13,1,,,,,,,,,,,,,,,,,,,,,,,1,,,,
2700,117,2020,6,26,Cypre River,8,chinook,72,15,2,,,,,,,,,,,,,,,,,,,,,,,1,,,,
2701,117,2020,6,26,Cypre River,9,chinook,70,13,,,,,,,,,,,,,,,,,,,,,,,,1,,,,
2702,117,2020,6,26,Cypre River,10,chinook,70,14,,,,,,,,,,,,,,,,,,,,,,,,1,,,,
2703,117,2020,6,26,Cypre River,11,chinook,78,16,2,,,,,,,,,,,,,,,,,,,,,,,1,,,,
2704,117,2020,6,26,Cypre River,12,chinook,69,15,,,,1,,,,,,,,,,,,,,,,,,,,1,,,,
2705,117,2020,6,26,Cypre River,13,chinook,64,12,1,,,,,,,,,,,,,,,,,,,,,,,1,,,,
2706,118,2020,7,5,Cypre River,1,chinook,80,15,2,,,,,,,,,,,,,,,,,,,,,,,1,,,,WE
2707,118,2020,7,5,Cypre River,2,chinook,75,11,6,,,,,,,,,,,,,,,,,,,,,,,1,,,,
2708,118,2020,7,5,Cypre River,3,chinook,75,11,5,,,,,,,,,,,,,,,,,,,,,,,1,,,,Set 1+2 combined
2709,118,2020,7,5,Cypre River,4,chinook,68,11,2,,,,,,,,,,,,,,,,,,,,,,,1,,,,WE
2710,118,2020,7,5,Cypre River,5,chinook,73,12,,,,,,,,,,,,,,,,,,,,,1,,,1,,,,WE
2711,118,2020,7,5,Cypre River,1,chinook,70,11,1,,,,,,,,,,,,,,,,,,1,,,,,1,,,,scarred H-flank
2712,118,2020,7,5,Cypre River,2,chinook,78,11,4,,,,,,,,,,,,,,,,,,,,,,,1,,,,
2713,118,2020,7,5,Cypre River,3,chinook,75,13,3,,,,,,,,,,,,,,,,,,,,,,,1,,,,
2714,118,2020,7,5,Cypre River,4,chinook,80,12,11,3,1,2,,,,,,,,,,,,1,,,,,1,,,1,,,,GGP
2715,118,2020,7,5,Cypre River,5,chinook,76,14,5,,,,,,,,,,,,,,,,,,,,1,,,1,,,,
2716,118,2020,7,5,Cypre River,6,chinook,70,12,6,,,,,,,,,,,,,,,,,,,,,,,1,,,,
2717,118,2020,7,5,Cypre River,7,chinook,70,12,26,,,,,,,,,,,,,,,,,,,,,,,1,,,,
2718,118,2020,7,5,Cypre River,8,chinook,84,15,4,,,,,,,,,,,,,,,,,,,,,,,1,,,,